OrderID,CustomerID,EmployeeID,OrderDate,RequiredDate,ShippedDate,ShipVia,Freight,ShipPostalCode,ShipCountry
10248,VINET,5,1996-07-04 0:00:00,1996-08-01 0:00:00,1996-07-16 0:00:00,3,32.38,51100,France
10249,TOMSP,6,1996-07-05 0:00:00,1996-08-16 0:00:00,1996-07-10 0:00:00,1,11.61,44087,Germany
10250,HANAR,4,1996-07-08 0:00:00,1996-08-05 0:00:00,1996-07-12 0:00:00,2,65.83,876,Brazil
10251,VICTE,3,1996-07-08 0:00:00,1996-08-05 0:00:00,1996-07-15 0:00:00,1,41.34,69004,France
10252,SUPRD,4,1996-07-09 0:00:00,1996-08-06 0:00:00,1996-07-11 0:00:00,2,51.3,6000,Belgium
10253,HANAR,3,1996-07-10 0:00:00,1996-07-24 0:00:00,1996-07-16 0:00:00,2,58.17,876,Brazil
10254,CHOPS,5,1996-07-11 0:00:00,1996-08-08 0:00:00,1996-07-23 0:00:00,2,22.98,3012,Switzerland
10255,RICSU,9,1996-07-12 0:00:00,1996-08-09 0:00:00,1996-07-15 0:00:00,3,148.33,1204,Switzerland
10256,WELLI,3,1996-07-15 0:00:00,1996-08-12 0:00:00,1996-07-17 0:00:00,2,13.97,363,Brazil
10257,HILAA,4,1996-07-16 0:00:00,1996-08-13 0:00:00,1996-07-22 0:00:00,3,81.91,5022,Venezuela
10258,ERNSH,1,1996-07-17 0:00:00,1996-08-14 0:00:00,1996-07-23 0:00:00,1,140.51,8010,Austria
10259,CENTC,4,1996-07-18 0:00:00,1996-08-15 0:00:00,1996-07-25 0:00:00,3,3.25,5022,Mexico
10260,OTTIK,4,1996-07-19 0:00:00,1996-08-16 0:00:00,1996-07-29 0:00:00,1,55.09,50739,Germany
10261,QUEDE,4,1996-07-19 0:00:00,1996-08-16 0:00:00,1996-07-30 0:00:00,2,3.05,673,Brazil
10262,RATTC,8,1996-07-22 0:00:00,1996-08-19 0:00:00,1996-07-25 0:00:00,3,48.29,87110,USA
10263,ERNSH,9,1996-07-23 0:00:00,1996-08-20 0:00:00,1996-07-31 0:00:00,3,146.06,8010,Austria
10264,FOLKO,6,1996-07-24 0:00:00,1996-08-21 0:00:00,1996-08-23 0:00:00,3,3.67,67,Sweden
10265,BLONP,2,1996-07-25 0:00:00,1996-08-22 0:00:00,1996-08-12 0:00:00,1,55.28,67000,France
10266,WARTH,3,1996-07-26 0:00:00,1996-09-06 0:00:00,1996-07-31 0:00:00,3,25.73,90110,Finland
10267,FRANK,4,1996-07-29 0:00:00,1996-08-26 0:00:00,1996-08-06 0:00:00,1,208.58,80805,Germany
10268,GROSR,8,1996-07-30 0:00:00,1996-08-27 0:00:00,1996-08-02 0:00:00,3,66.29,1081,Venezuela
10269,WHITC,5,1996-07-31 0:00:00,1996-08-14 0:00:00,1996-08-09 0:00:00,1,4.56,98124,USA
10270,WARTH,1,1996-08-01 0:00:00,1996-08-29 0:00:00,1996-08-02 0:00:00,1,136.54,90110,Finland
10271,SPLIR,6,1996-08-01 0:00:00,1996-08-29 0:00:00,1996-08-30 0:00:00,2,4.54,82520,USA
10272,RATTC,6,1996-08-02 0:00:00,1996-08-30 0:00:00,1996-08-06 0:00:00,2,98.03,87110,USA
10273,QUICK,3,1996-08-05 0:00:00,1996-09-02 0:00:00,1996-08-12 0:00:00,3,76.07,1307,Germany
10274,VINET,6,1996-08-06 0:00:00,1996-09-03 0:00:00,1996-08-16 0:00:00,1,6.01,51100,France
10275,MAGAA,1,1996-08-07 0:00:00,1996-09-04 0:00:00,1996-08-09 0:00:00,1,26.93,24100,Italy
10276,TORTU,8,1996-08-08 0:00:00,1996-08-22 0:00:00,1996-08-14 0:00:00,3,13.84,5033,Mexico
10277,MORGK,2,1996-08-09 0:00:00,1996-09-06 0:00:00,1996-08-13 0:00:00,3,125.77,4179,Germany
10278,BERGS,8,1996-08-12 0:00:00,1996-09-09 0:00:00,1996-08-16 0:00:00,2,92.69,22,Sweden
10279,LEHMS,8,1996-08-13 0:00:00,1996-09-10 0:00:00,1996-08-16 0:00:00,2,25.83,60528,Germany
10280,BERGS,2,1996-08-14 0:00:00,1996-09-11 0:00:00,1996-09-12 0:00:00,1,8.98,22,Sweden
10281,ROMEY,4,1996-08-14 0:00:00,1996-08-28 0:00:00,1996-08-21 0:00:00,1,2.94,28001,Spain
10282,ROMEY,4,1996-08-15 0:00:00,1996-09-12 0:00:00,1996-08-21 0:00:00,1,12.69,28001,Spain
10283,LILAS,3,1996-08-16 0:00:00,1996-09-13 0:00:00,1996-08-23 0:00:00,3,84.81,3508,Venezuela
10284,LEHMS,4,1996-08-19 0:00:00,1996-09-16 0:00:00,1996-08-27 0:00:00,1,76.56,60528,Germany
10285,QUICK,1,1996-08-20 0:00:00,1996-09-17 0:00:00,1996-08-26 0:00:00,2,76.83,1307,Germany
10286,QUICK,8,1996-08-21 0:00:00,1996-09-18 0:00:00,1996-08-30 0:00:00,3,229.24,1307,Germany
10287,RICAR,8,1996-08-22 0:00:00,1996-09-19 0:00:00,1996-08-28 0:00:00,3,12.76,890,Brazil
10288,REGGC,4,1996-08-23 0:00:00,1996-09-20 0:00:00,1996-09-03 0:00:00,1,7.45,42100,Italy
10289,BSBEV,7,1996-08-26 0:00:00,1996-09-23 0:00:00,1996-08-28 0:00:00,3,22.77,,UK
10290,COMMI,8,1996-08-27 0:00:00,1996-09-24 0:00:00,1996-09-03 0:00:00,1,79.7,43,Brazil
10291,QUEDE,6,1996-08-27 0:00:00,1996-09-24 0:00:00,1996-09-04 0:00:00,2,6.4,673,Brazil
10292,TRADH,1,1996-08-28 0:00:00,1996-09-25 0:00:00,1996-09-02 0:00:00,2,1.35,30,Brazil
10293,TORTU,1,1996-08-29 0:00:00,1996-09-26 0:00:00,1996-09-11 0:00:00,3,21.18,5033,Mexico
10294,RATTC,4,1996-08-30 0:00:00,1996-09-27 0:00:00,1996-09-05 0:00:00,2,147.26,87110,USA
10295,VINET,2,1996-09-02 0:00:00,1996-09-30 0:00:00,1996-09-10 0:00:00,2,1.15,51100,France
10296,LILAS,6,1996-09-03 0:00:00,1996-10-01 0:00:00,1996-09-11 0:00:00,1,0.12,3508,Venezuela
10297,BLONP,5,1996-09-04 0:00:00,1996-10-16 0:00:00,1996-09-10 0:00:00,2,5.74,67000,France
10298,HUNGO,6,1996-09-05 0:00:00,1996-10-03 0:00:00,1996-09-11 0:00:00,2,168.22,,Ireland
10299,RICAR,4,1996-09-06 0:00:00,1996-10-04 0:00:00,1996-09-13 0:00:00,2,29.76,890,Brazil
10300,MAGAA,2,1996-09-09 0:00:00,1996-10-07 0:00:00,1996-09-18 0:00:00,2,17.68,24100,Italy
10301,WANDK,8,1996-09-09 0:00:00,1996-10-07 0:00:00,1996-09-17 0:00:00,2,45.08,70563,Germany
10302,SUPRD,4,1996-09-10 0:00:00,1996-10-08 0:00:00,1996-10-09 0:00:00,2,6.27,6000,Belgium
10303,GODOS,7,1996-09-11 0:00:00,1996-10-09 0:00:00,1996-09-18 0:00:00,2,107.83,41101,Spain
10304,TORTU,1,1996-09-12 0:00:00,1996-10-10 0:00:00,1996-09-17 0:00:00,2,63.79,5033,Mexico
10305,OLDWO,8,1996-09-13 0:00:00,1996-10-11 0:00:00,1996-10-09 0:00:00,3,257.62,99508,USA
10306,ROMEY,1,1996-09-16 0:00:00,1996-10-14 0:00:00,1996-09-23 0:00:00,3,7.56,28001,Spain
10307,LONEP,2,1996-09-17 0:00:00,1996-10-15 0:00:00,1996-09-25 0:00:00,2,0.56,97219,USA
10308,ANATR,7,1996-09-18 0:00:00,1996-10-16 0:00:00,1996-09-24 0:00:00,3,1.61,5021,Mexico
10309,HUNGO,3,1996-09-19 0:00:00,1996-10-17 0:00:00,1996-10-23 0:00:00,1,47.3,,Ireland
10310,THEBI,8,1996-09-20 0:00:00,1996-10-18 0:00:00,1996-09-27 0:00:00,2,17.52,97201,USA
10311,DUMON,1,1996-09-20 0:00:00,1996-10-04 0:00:00,1996-09-26 0:00:00,3,24.69,44000,France
10312,WANDK,2,1996-09-23 0:00:00,1996-10-21 0:00:00,1996-10-03 0:00:00,2,40.26,70563,Germany
10313,QUICK,2,1996-09-24 0:00:00,1996-10-22 0:00:00,1996-10-04 0:00:00,2,1.96,1307,Germany
10314,RATTC,1,1996-09-25 0:00:00,1996-10-23 0:00:00,1996-10-04 0:00:00,2,74.16,87110,USA
10315,ISLAT,4,1996-09-26 0:00:00,1996-10-24 0:00:00,1996-10-03 0:00:00,2,41.76,,UK
10316,RATTC,1,1996-09-27 0:00:00,1996-10-25 0:00:00,1996-10-08 0:00:00,3,150.15,87110,USA
10317,LONEP,6,1996-09-30 0:00:00,1996-10-28 0:00:00,1996-10-10 0:00:00,1,12.69,97219,USA
10318,ISLAT,8,1996-10-01 0:00:00,1996-10-29 0:00:00,1996-10-04 0:00:00,2,4.73,,UK
10319,TORTU,7,1996-10-02 0:00:00,1996-10-30 0:00:00,1996-10-11 0:00:00,3,64.5,5033,Mexico
10320,WARTH,5,1996-10-03 0:00:00,1996-10-17 0:00:00,1996-10-18 0:00:00,3,34.57,90110,Finland
10321,ISLAT,3,1996-10-03 0:00:00,1996-10-31 0:00:00,1996-10-11 0:00:00,2,3.43,,UK
10322,PERIC,7,1996-10-04 0:00:00,1996-11-01 0:00:00,1996-10-23 0:00:00,3,0.4,5033,Mexico
10323,KOENE,4,1996-10-07 0:00:00,1996-11-04 0:00:00,1996-10-14 0:00:00,1,4.88,14776,Germany
10324,SAVEA,9,1996-10-08 0:00:00,1996-11-05 0:00:00,1996-10-10 0:00:00,1,214.27,83720,USA
10325,KOENE,1,1996-10-09 0:00:00,1996-10-23 0:00:00,1996-10-14 0:00:00,3,64.86,14776,Germany
10326,BOLID,4,1996-10-10 0:00:00,1996-11-07 0:00:00,1996-10-14 0:00:00,2,77.92,28023,Spain
10327,FOLKO,2,1996-10-11 0:00:00,1996-11-08 0:00:00,1996-10-14 0:00:00,1,63.36,67,Sweden
10328,FURIB,4,1996-10-14 0:00:00,1996-11-11 0:00:00,1996-10-17 0:00:00,3,87.03,1675,Portugal
10329,SPLIR,4,1996-10-15 0:00:00,1996-11-26 0:00:00,1996-10-23 0:00:00,2,191.67,82520,USA
10330,LILAS,3,1996-10-16 0:00:00,1996-11-13 0:00:00,1996-10-28 0:00:00,1,12.75,3508,Venezuela
10331,BONAP,9,1996-10-16 0:00:00,1996-11-27 0:00:00,1996-10-21 0:00:00,1,10.19,13008,France
10332,MEREP,3,1996-10-17 0:00:00,1996-11-28 0:00:00,1996-10-21 0:00:00,2,52.84,,Canada
10333,WARTH,5,1996-10-18 0:00:00,1996-11-15 0:00:00,1996-10-25 0:00:00,3,0.59,90110,Finland
10334,VICTE,8,1996-10-21 0:00:00,1996-11-18 0:00:00,1996-10-28 0:00:00,2,8.56,69004,France
10335,HUNGO,7,1996-10-22 0:00:00,1996-11-19 0:00:00,1996-10-24 0:00:00,2,42.11,,Ireland
10336,PRINI,7,1996-10-23 0:00:00,1996-11-20 0:00:00,1996-10-25 0:00:00,2,15.51,1756,Portugal
10337,FRANK,4,1996-10-24 0:00:00,1996-11-21 0:00:00,1996-10-29 0:00:00,3,108.26,80805,Germany
10338,OLDWO,4,1996-10-25 0:00:00,1996-11-22 0:00:00,1996-10-29 0:00:00,3,84.21,99508,USA
10339,MEREP,2,1996-10-28 0:00:00,1996-11-25 0:00:00,1996-11-04 0:00:00,2,15.66,,Canada
10340,BONAP,1,1996-10-29 0:00:00,1996-11-26 0:00:00,1996-11-08 0:00:00,3,166.31,13008,France
10341,SIMOB,7,1996-10-29 0:00:00,1996-11-26 0:00:00,1996-11-05 0:00:00,3,26.78,1734,Denmark
10342,FRANK,4,1996-10-30 0:00:00,1996-11-13 0:00:00,1996-11-04 0:00:00,2,54.83,80805,Germany
10343,LEHMS,4,1996-10-31 0:00:00,1996-11-28 0:00:00,1996-11-06 0:00:00,1,110.37,60528,Germany
10344,WHITC,4,1996-11-01 0:00:00,1996-11-29 0:00:00,1996-11-05 0:00:00,2,23.29,98124,USA
10345,QUICK,2,1996-11-04 0:00:00,1996-12-02 0:00:00,1996-11-11 0:00:00,2,249.06,1307,Germany
10346,RATTC,3,1996-11-05 0:00:00,1996-12-17 0:00:00,1996-11-08 0:00:00,3,142.08,87110,USA
10347,FAMIA,4,1996-11-06 0:00:00,1996-12-04 0:00:00,1996-11-08 0:00:00,3,3.1,30,Brazil
10348,WANDK,4,1996-11-07 0:00:00,1996-12-05 0:00:00,1996-11-15 0:00:00,2,0.78,70563,Germany
10349,SPLIR,7,1996-11-08 0:00:00,1996-12-06 0:00:00,1996-11-15 0:00:00,1,8.63,82520,USA
10350,LAMAI,6,1996-11-11 0:00:00,1996-12-09 0:00:00,1996-12-03 0:00:00,2,64.19,31000,France
10351,ERNSH,1,1996-11-11 0:00:00,1996-12-09 0:00:00,1996-11-20 0:00:00,1,162.33,8010,Austria
10352,FURIB,3,1996-11-12 0:00:00,1996-11-26 0:00:00,1996-11-18 0:00:00,3,1.3,1675,Portugal
10353,PICCO,7,1996-11-13 0:00:00,1996-12-11 0:00:00,1996-11-25 0:00:00,3,360.63,5020,Austria
10354,PERIC,8,1996-11-14 0:00:00,1996-12-12 0:00:00,1996-11-20 0:00:00,3,53.8,5033,Mexico
10355,AROUT,6,1996-11-15 0:00:00,1996-12-13 0:00:00,1996-11-20 0:00:00,1,41.95,,UK
10356,WANDK,6,1996-11-18 0:00:00,1996-12-16 0:00:00,1996-11-27 0:00:00,2,36.71,70563,Germany
10357,LILAS,1,1996-11-19 0:00:00,1996-12-17 0:00:00,1996-12-02 0:00:00,3,34.88,3508,Venezuela
10358,LAMAI,5,1996-11-20 0:00:00,1996-12-18 0:00:00,1996-11-27 0:00:00,1,19.64,31000,France
10359,SEVES,5,1996-11-21 0:00:00,1996-12-19 0:00:00,1996-11-26 0:00:00,3,288.43,,UK
10360,BLONP,4,1996-11-22 0:00:00,1996-12-20 0:00:00,1996-12-02 0:00:00,3,131.7,67000,France
10361,QUICK,1,1996-11-22 0:00:00,1996-12-20 0:00:00,1996-12-03 0:00:00,2,183.17,1307,Germany
10362,BONAP,3,1996-11-25 0:00:00,1996-12-23 0:00:00,1996-11-28 0:00:00,1,96.04,13008,France
10363,DRACD,4,1996-11-26 0:00:00,1996-12-24 0:00:00,1996-12-04 0:00:00,3,30.54,52066,Germany
10364,EASTC,1,1996-11-26 0:00:00,1997-01-07 0:00:00,1996-12-04 0:00:00,1,71.97,,UK
10365,ANTON,3,1996-11-27 0:00:00,1996-12-25 0:00:00,1996-12-02 0:00:00,2,22,5023,Mexico
10366,GALED,8,1996-11-28 0:00:00,1997-01-09 0:00:00,1996-12-30 0:00:00,2,10.14,8022,Spain
10367,VAFFE,7,1996-11-28 0:00:00,1996-12-26 0:00:00,1996-12-02 0:00:00,3,13.55,8200,Denmark
10368,ERNSH,2,1996-11-29 0:00:00,1996-12-27 0:00:00,1996-12-02 0:00:00,2,101.95,8010,Austria
10369,SPLIR,8,1996-12-02 0:00:00,1996-12-30 0:00:00,1996-12-09 0:00:00,2,195.68,82520,USA
10370,CHOPS,6,1996-12-03 0:00:00,1996-12-31 0:00:00,1996-12-27 0:00:00,2,1.17,3012,Switzerland
10371,LAMAI,1,1996-12-03 0:00:00,1996-12-31 0:00:00,1996-12-24 0:00:00,1,0.45,31000,France
10372,QUEEN,5,1996-12-04 0:00:00,1997-01-01 0:00:00,1996-12-09 0:00:00,2,890.78,20,Brazil
10373,HUNGO,4,1996-12-05 0:00:00,1997-01-02 0:00:00,1996-12-11 0:00:00,3,124.12,,Ireland
10374,WOLZA,1,1996-12-05 0:00:00,1997-01-02 0:00:00,1996-12-09 0:00:00,3,3.94,12,Poland
10375,HUNGC,3,1996-12-06 0:00:00,1997-01-03 0:00:00,1996-12-09 0:00:00,2,20.12,97827,USA
10376,MEREP,1,1996-12-09 0:00:00,1997-01-06 0:00:00,1996-12-13 0:00:00,2,20.39,,Canada
10377,SEVES,1,1996-12-09 0:00:00,1997-01-06 0:00:00,1996-12-13 0:00:00,3,22.21,,UK
10378,FOLKO,5,1996-12-10 0:00:00,1997-01-07 0:00:00,1996-12-19 0:00:00,3,5.44,67,Sweden
10379,QUEDE,2,1996-12-11 0:00:00,1997-01-08 0:00:00,1996-12-13 0:00:00,1,45.03,673,Brazil
10380,HUNGO,8,1996-12-12 0:00:00,1997-01-09 0:00:00,1997-01-16 0:00:00,3,35.03,,Ireland
10381,LILAS,3,1996-12-12 0:00:00,1997-01-09 0:00:00,1996-12-13 0:00:00,3,7.99,3508,Venezuela
10382,ERNSH,4,1996-12-13 0:00:00,1997-01-10 0:00:00,1996-12-16 0:00:00,1,94.77,8010,Austria
10383,AROUT,8,1996-12-16 0:00:00,1997-01-13 0:00:00,1996-12-18 0:00:00,3,34.24,,UK
10384,BERGS,3,1996-12-16 0:00:00,1997-01-13 0:00:00,1996-12-20 0:00:00,3,168.64,22,Sweden
10385,SPLIR,1,1996-12-17 0:00:00,1997-01-14 0:00:00,1996-12-23 0:00:00,2,30.96,82520,USA
10386,FAMIA,9,1996-12-18 0:00:00,1997-01-01 0:00:00,1996-12-25 0:00:00,3,13.99,30,Brazil
10387,SANTG,1,1996-12-18 0:00:00,1997-01-15 0:00:00,1996-12-20 0:00:00,2,93.63,4110,Norway
10388,SEVES,2,1996-12-19 0:00:00,1997-01-16 0:00:00,1996-12-20 0:00:00,1,34.86,,UK
10389,BOTTM,4,1996-12-20 0:00:00,1997-01-17 0:00:00,1996-12-24 0:00:00,2,47.42,,Canada
10390,ERNSH,6,1996-12-23 0:00:00,1997-01-20 0:00:00,1996-12-26 0:00:00,1,126.38,8010,Austria
10391,DRACD,3,1996-12-23 0:00:00,1997-01-20 0:00:00,1996-12-31 0:00:00,3,5.45,52066,Germany
10392,PICCO,2,1996-12-24 0:00:00,1997-01-21 0:00:00,1997-01-01 0:00:00,3,122.46,5020,Austria
10393,SAVEA,1,1996-12-25 0:00:00,1997-01-22 0:00:00,1997-01-03 0:00:00,3,126.56,83720,USA
10394,HUNGC,1,1996-12-25 0:00:00,1997-01-22 0:00:00,1997-01-03 0:00:00,3,30.34,97827,USA
10395,HILAA,6,1996-12-26 0:00:00,1997-01-23 0:00:00,1997-01-03 0:00:00,1,184.41,5022,Venezuela
10396,FRANK,1,1996-12-27 0:00:00,1997-01-10 0:00:00,1997-01-06 0:00:00,3,135.35,80805,Germany
10397,PRINI,5,1996-12-27 0:00:00,1997-01-24 0:00:00,1997-01-02 0:00:00,1,60.26,1756,Portugal
10398,SAVEA,2,1996-12-30 0:00:00,1997-01-27 0:00:00,1997-01-09 0:00:00,3,89.16,83720,USA
10399,VAFFE,8,1996-12-31 0:00:00,1997-01-14 0:00:00,1997-01-08 0:00:00,3,27.36,8200,Denmark
10400,EASTC,1,1997-01-01 0:00:00,1997-01-29 0:00:00,1997-01-16 0:00:00,3,83.93,,UK
10401,RATTC,1,1997-01-01 0:00:00,1997-01-29 0:00:00,1997-01-10 0:00:00,1,12.51,87110,USA
10402,ERNSH,8,1997-01-02 0:00:00,1997-02-13 0:00:00,1997-01-10 0:00:00,2,67.88,8010,Austria
10403,ERNSH,4,1997-01-03 0:00:00,1997-01-31 0:00:00,1997-01-09 0:00:00,3,73.79,8010,Austria
10404,MAGAA,2,1997-01-03 0:00:00,1997-01-31 0:00:00,1997-01-08 0:00:00,1,155.97,24100,Italy
10405,LINOD,1,1997-01-06 0:00:00,1997-02-03 0:00:00,1997-01-22 0:00:00,1,34.82,4980,Venezuela
10406,QUEEN,7,1997-01-07 0:00:00,1997-02-18 0:00:00,1997-01-13 0:00:00,1,108.04,20,Brazil
10407,OTTIK,2,1997-01-07 0:00:00,1997-02-04 0:00:00,1997-01-30 0:00:00,2,91.48,50739,Germany
10408,FOLIG,8,1997-01-08 0:00:00,1997-02-05 0:00:00,1997-01-14 0:00:00,1,11.26,59000,France
10409,OCEAN,3,1997-01-09 0:00:00,1997-02-06 0:00:00,1997-01-14 0:00:00,1,29.83,1010,Argentina
10410,BOTTM,3,1997-01-10 0:00:00,1997-02-07 0:00:00,1997-01-15 0:00:00,3,2.4,,Canada
10411,BOTTM,9,1997-01-10 0:00:00,1997-02-07 0:00:00,1997-01-21 0:00:00,3,23.65,,Canada
10412,WARTH,8,1997-01-13 0:00:00,1997-02-10 0:00:00,1997-01-15 0:00:00,2,3.77,90110,Finland
10413,LAMAI,3,1997-01-14 0:00:00,1997-02-11 0:00:00,1997-01-16 0:00:00,2,95.66,31000,France
10414,FAMIA,2,1997-01-14 0:00:00,1997-02-11 0:00:00,1997-01-17 0:00:00,3,21.48,30,Brazil
10415,HUNGC,3,1997-01-15 0:00:00,1997-02-12 0:00:00,1997-01-24 0:00:00,1,0.2,97827,USA
10416,WARTH,8,1997-01-16 0:00:00,1997-02-13 0:00:00,1997-01-27 0:00:00,3,22.72,90110,Finland
10417,SIMOB,4,1997-01-16 0:00:00,1997-02-13 0:00:00,1997-01-28 0:00:00,3,70.29,1734,Denmark
10418,QUICK,4,1997-01-17 0:00:00,1997-02-14 0:00:00,1997-01-24 0:00:00,1,17.55,1307,Germany
10419,RICSU,4,1997-01-20 0:00:00,1997-02-17 0:00:00,1997-01-30 0:00:00,2,137.35,1204,Switzerland
10420,WELLI,3,1997-01-21 0:00:00,1997-02-18 0:00:00,1997-01-27 0:00:00,1,44.12,363,Brazil
10421,QUEDE,8,1997-01-21 0:00:00,1997-03-04 0:00:00,1997-01-27 0:00:00,1,99.23,673,Brazil
10422,FRANS,2,1997-01-22 0:00:00,1997-02-19 0:00:00,1997-01-31 0:00:00,1,3.02,10100,Italy
10423,GOURL,6,1997-01-23 0:00:00,1997-02-06 0:00:00,1997-02-24 0:00:00,3,24.5,786,Brazil
10424,MEREP,7,1997-01-23 0:00:00,1997-02-20 0:00:00,1997-01-27 0:00:00,2,370.61,,Canada
10425,LAMAI,6,1997-01-24 0:00:00,1997-02-21 0:00:00,1997-02-14 0:00:00,2,7.93,31000,France
10426,GALED,4,1997-01-27 0:00:00,1997-02-24 0:00:00,1997-02-06 0:00:00,1,18.69,8022,Spain
10427,PICCO,4,1997-01-27 0:00:00,1997-02-24 0:00:00,1997-03-03 0:00:00,2,31.29,5020,Austria
10428,REGGC,7,1997-01-28 0:00:00,1997-02-25 0:00:00,1997-02-04 0:00:00,1,11.09,42100,Italy
10429,HUNGO,3,1997-01-29 0:00:00,1997-03-12 0:00:00,1997-02-07 0:00:00,2,56.63,,Ireland
10430,ERNSH,4,1997-01-30 0:00:00,1997-02-13 0:00:00,1997-02-03 0:00:00,1,458.78,8010,Austria
10431,BOTTM,4,1997-01-30 0:00:00,1997-02-13 0:00:00,1997-02-07 0:00:00,2,44.17,,Canada
10432,SPLIR,3,1997-01-31 0:00:00,1997-02-14 0:00:00,1997-02-07 0:00:00,2,4.34,82520,USA
10433,PRINI,3,1997-02-03 0:00:00,1997-03-03 0:00:00,1997-03-04 0:00:00,3,73.83,1756,Portugal
10434,FOLKO,3,1997-02-03 0:00:00,1997-03-03 0:00:00,1997-02-13 0:00:00,2,17.92,67,Sweden
10435,CONSH,8,1997-02-04 0:00:00,1997-03-18 0:00:00,1997-02-07 0:00:00,2,9.21,,UK
10436,BLONP,3,1997-02-05 0:00:00,1997-03-05 0:00:00,1997-02-11 0:00:00,2,156.66,67000,France
10437,WARTH,8,1997-02-05 0:00:00,1997-03-05 0:00:00,1997-02-12 0:00:00,1,19.97,90110,Finland
10438,TOMSP,3,1997-02-06 0:00:00,1997-03-06 0:00:00,1997-02-14 0:00:00,2,8.24,44087,Germany
10439,MEREP,6,1997-02-07 0:00:00,1997-03-07 0:00:00,1997-02-10 0:00:00,3,4.07,,Canada
10440,SAVEA,4,1997-02-10 0:00:00,1997-03-10 0:00:00,1997-02-28 0:00:00,2,86.53,83720,USA
10441,OLDWO,3,1997-02-10 0:00:00,1997-03-24 0:00:00,1997-03-14 0:00:00,2,73.02,99508,USA
10442,ERNSH,3,1997-02-11 0:00:00,1997-03-11 0:00:00,1997-02-18 0:00:00,2,47.94,8010,Austria
10443,REGGC,8,1997-02-12 0:00:00,1997-03-12 0:00:00,1997-02-14 0:00:00,1,13.95,42100,Italy
10444,BERGS,3,1997-02-12 0:00:00,1997-03-12 0:00:00,1997-02-21 0:00:00,3,3.5,22,Sweden
10445,BERGS,3,1997-02-13 0:00:00,1997-03-13 0:00:00,1997-02-20 0:00:00,1,9.3,22,Sweden
10446,TOMSP,6,1997-02-14 0:00:00,1997-03-14 0:00:00,1997-02-19 0:00:00,1,14.68,44087,Germany
10447,RICAR,4,1997-02-14 0:00:00,1997-03-14 0:00:00,1997-03-07 0:00:00,2,68.66,890,Brazil
10448,RANCH,4,1997-02-17 0:00:00,1997-03-17 0:00:00,1997-02-24 0:00:00,2,38.82,1010,Argentina
10449,BLONP,3,1997-02-18 0:00:00,1997-03-18 0:00:00,1997-02-27 0:00:00,2,53.3,67000,France
10450,VICTE,8,1997-02-19 0:00:00,1997-03-19 0:00:00,1997-03-11 0:00:00,2,7.23,69004,France
10451,QUICK,4,1997-02-19 0:00:00,1997-03-05 0:00:00,1997-03-12 0:00:00,3,189.09,1307,Germany
10452,SAVEA,8,1997-02-20 0:00:00,1997-03-20 0:00:00,1997-02-26 0:00:00,1,140.26,83720,USA
10453,AROUT,1,1997-02-21 0:00:00,1997-03-21 0:00:00,1997-02-26 0:00:00,2,25.36,,UK
10454,LAMAI,4,1997-02-21 0:00:00,1997-03-21 0:00:00,1997-02-25 0:00:00,3,2.74,31000,France
10455,WARTH,8,1997-02-24 0:00:00,1997-04-07 0:00:00,1997-03-03 0:00:00,2,180.45,90110,Finland
10456,KOENE,8,1997-02-25 0:00:00,1997-04-08 0:00:00,1997-02-28 0:00:00,2,8.12,14776,Germany
10457,KOENE,2,1997-02-25 0:00:00,1997-03-25 0:00:00,1997-03-03 0:00:00,1,11.57,14776,Germany
10458,SUPRD,7,1997-02-26 0:00:00,1997-03-26 0:00:00,1997-03-04 0:00:00,3,147.06,6000,Belgium
10459,VICTE,4,1997-02-27 0:00:00,1997-03-27 0:00:00,1997-02-28 0:00:00,2,25.09,69004,France
10460,FOLKO,8,1997-02-28 0:00:00,1997-03-28 0:00:00,1997-03-03 0:00:00,1,16.27,67,Sweden
10461,LILAS,1,1997-02-28 0:00:00,1997-03-28 0:00:00,1997-03-05 0:00:00,3,148.61,3508,Venezuela
10462,CONSH,2,1997-03-03 0:00:00,1997-03-31 0:00:00,1997-03-18 0:00:00,1,6.17,,UK
10463,SUPRD,5,1997-03-04 0:00:00,1997-04-01 0:00:00,1997-03-06 0:00:00,3,14.78,6000,Belgium
10464,FURIB,4,1997-03-04 0:00:00,1997-04-01 0:00:00,1997-03-14 0:00:00,2,89,1675,Portugal
10465,VAFFE,1,1997-03-05 0:00:00,1997-04-02 0:00:00,1997-03-14 0:00:00,3,145.04,8200,Denmark
10466,COMMI,4,1997-03-06 0:00:00,1997-04-03 0:00:00,1997-03-13 0:00:00,1,11.93,43,Brazil
10467,MAGAA,8,1997-03-06 0:00:00,1997-04-03 0:00:00,1997-03-11 0:00:00,2,4.93,24100,Italy
10468,KOENE,3,1997-03-07 0:00:00,1997-04-04 0:00:00,1997-03-12 0:00:00,3,44.12,14776,Germany
10469,WHITC,1,1997-03-10 0:00:00,1997-04-07 0:00:00,1997-03-14 0:00:00,1,60.18,98124,USA
10470,BONAP,4,1997-03-11 0:00:00,1997-04-08 0:00:00,1997-03-14 0:00:00,2,64.56,13008,France
10471,BSBEV,2,1997-03-11 0:00:00,1997-04-08 0:00:00,1997-03-18 0:00:00,3,45.59,,UK
10472,SEVES,8,1997-03-12 0:00:00,1997-04-09 0:00:00,1997-03-19 0:00:00,1,4.2,,UK
10473,ISLAT,1,1997-03-13 0:00:00,1997-03-27 0:00:00,1997-03-21 0:00:00,3,16.37,,UK
10474,PERIC,5,1997-03-13 0:00:00,1997-04-10 0:00:00,1997-03-21 0:00:00,2,83.49,5033,Mexico
10475,SUPRD,9,1997-03-14 0:00:00,1997-04-11 0:00:00,1997-04-04 0:00:00,1,68.52,6000,Belgium
10476,HILAA,8,1997-03-17 0:00:00,1997-04-14 0:00:00,1997-03-24 0:00:00,3,4.41,5022,Venezuela
10477,PRINI,5,1997-03-17 0:00:00,1997-04-14 0:00:00,1997-03-25 0:00:00,2,13.02,1756,Portugal
10478,VICTE,2,1997-03-18 0:00:00,1997-04-01 0:00:00,1997-03-26 0:00:00,3,4.81,69004,France
10479,RATTC,3,1997-03-19 0:00:00,1997-04-16 0:00:00,1997-03-21 0:00:00,3,708.95,87110,USA
10480,FOLIG,6,1997-03-20 0:00:00,1997-04-17 0:00:00,1997-03-24 0:00:00,2,1.35,59000,France
10481,RICAR,8,1997-03-20 0:00:00,1997-04-17 0:00:00,1997-03-25 0:00:00,2,64.33,890,Brazil
10482,LAZYK,1,1997-03-21 0:00:00,1997-04-18 0:00:00,1997-04-10 0:00:00,3,7.48,99362,USA
10483,WHITC,7,1997-03-24 0:00:00,1997-04-21 0:00:00,1997-04-25 0:00:00,2,15.28,98124,USA
10484,BSBEV,3,1997-03-24 0:00:00,1997-04-21 0:00:00,1997-04-01 0:00:00,3,6.88,,UK
10485,LINOD,4,1997-03-25 0:00:00,1997-04-08 0:00:00,1997-03-31 0:00:00,2,64.45,4980,Venezuela
10486,HILAA,1,1997-03-26 0:00:00,1997-04-23 0:00:00,1997-04-02 0:00:00,2,30.53,5022,Venezuela
10487,QUEEN,2,1997-03-26 0:00:00,1997-04-23 0:00:00,1997-03-28 0:00:00,2,71.07,20,Brazil
10488,FRANK,8,1997-03-27 0:00:00,1997-04-24 0:00:00,1997-04-02 0:00:00,2,4.93,80805,Germany
10489,PICCO,6,1997-03-28 0:00:00,1997-04-25 0:00:00,1997-04-09 0:00:00,2,5.29,5020,Austria
10490,HILAA,7,1997-03-31 0:00:00,1997-04-28 0:00:00,1997-04-03 0:00:00,2,210.19,5022,Venezuela
10491,FURIB,8,1997-03-31 0:00:00,1997-04-28 0:00:00,1997-04-08 0:00:00,3,16.96,1675,Portugal
10492,BOTTM,3,1997-04-01 0:00:00,1997-04-29 0:00:00,1997-04-11 0:00:00,1,62.89,,Canada
10493,LAMAI,4,1997-04-02 0:00:00,1997-04-30 0:00:00,1997-04-10 0:00:00,3,10.64,31000,France
10494,COMMI,4,1997-04-02 0:00:00,1997-04-30 0:00:00,1997-04-09 0:00:00,2,65.99,43,Brazil
10495,LAUGB,3,1997-04-03 0:00:00,1997-05-01 0:00:00,1997-04-11 0:00:00,3,4.65,,Canada
10496,TRADH,7,1997-04-04 0:00:00,1997-05-02 0:00:00,1997-04-07 0:00:00,2,46.77,30,Brazil
10497,LEHMS,7,1997-04-04 0:00:00,1997-05-02 0:00:00,1997-04-07 0:00:00,1,36.21,60528,Germany
10498,HILAA,8,1997-04-07 0:00:00,1997-05-05 0:00:00,1997-04-11 0:00:00,2,29.75,5022,Venezuela
10499,LILAS,4,1997-04-08 0:00:00,1997-05-06 0:00:00,1997-04-16 0:00:00,2,102.02,3508,Venezuela
10500,LAMAI,6,1997-04-09 0:00:00,1997-05-07 0:00:00,1997-04-17 0:00:00,1,42.68,31000,France
10501,BLAUS,9,1997-04-09 0:00:00,1997-05-07 0:00:00,1997-04-16 0:00:00,3,8.85,68306,Germany
10502,PERIC,2,1997-04-10 0:00:00,1997-05-08 0:00:00,1997-04-29 0:00:00,1,69.32,5033,Mexico
10503,HUNGO,6,1997-04-11 0:00:00,1997-05-09 0:00:00,1997-04-16 0:00:00,2,16.74,,Ireland
10504,WHITC,4,1997-04-11 0:00:00,1997-05-09 0:00:00,1997-04-18 0:00:00,3,59.13,98124,USA
10505,MEREP,3,1997-04-14 0:00:00,1997-05-12 0:00:00,1997-04-21 0:00:00,3,7.13,,Canada
10506,KOENE,9,1997-04-15 0:00:00,1997-05-13 0:00:00,1997-05-02 0:00:00,2,21.19,14776,Germany
10507,ANTON,7,1997-04-15 0:00:00,1997-05-13 0:00:00,1997-04-22 0:00:00,1,47.45,5023,Mexico
10508,OTTIK,1,1997-04-16 0:00:00,1997-05-14 0:00:00,1997-05-13 0:00:00,2,4.99,50739,Germany
10509,BLAUS,4,1997-04-17 0:00:00,1997-05-15 0:00:00,1997-04-29 0:00:00,1,0.15,68306,Germany
10510,SAVEA,6,1997-04-18 0:00:00,1997-05-16 0:00:00,1997-04-28 0:00:00,3,367.63,83720,USA
10511,BONAP,4,1997-04-18 0:00:00,1997-05-16 0:00:00,1997-04-21 0:00:00,3,350.64,13008,France
10512,FAMIA,7,1997-04-21 0:00:00,1997-05-19 0:00:00,1997-04-24 0:00:00,2,3.53,30,Brazil
10513,WANDK,7,1997-04-22 0:00:00,1997-06-03 0:00:00,1997-04-28 0:00:00,1,105.65,70563,Germany
10514,ERNSH,3,1997-04-22 0:00:00,1997-05-20 0:00:00,1997-05-16 0:00:00,2,789.95,8010,Austria
10515,QUICK,2,1997-04-23 0:00:00,1997-05-07 0:00:00,1997-05-23 0:00:00,1,204.47,1307,Germany
10516,HUNGO,2,1997-04-24 0:00:00,1997-05-22 0:00:00,1997-05-01 0:00:00,3,62.78,,Ireland
10517,NORTS,3,1997-04-24 0:00:00,1997-05-22 0:00:00,1997-04-29 0:00:00,3,32.07,,UK
10518,TORTU,4,1997-04-25 0:00:00,1997-05-09 0:00:00,1997-05-05 0:00:00,2,218.15,5033,Mexico
10519,CHOPS,6,1997-04-28 0:00:00,1997-05-26 0:00:00,1997-05-01 0:00:00,3,91.76,3012,Switzerland
10520,SANTG,7,1997-04-29 0:00:00,1997-05-27 0:00:00,1997-05-01 0:00:00,1,13.37,4110,Norway
10521,CACTU,8,1997-04-29 0:00:00,1997-05-27 0:00:00,1997-05-02 0:00:00,2,17.22,1010,Argentina
10522,LEHMS,4,1997-04-30 0:00:00,1997-05-28 0:00:00,1997-05-06 0:00:00,1,45.33,60528,Germany
10523,SEVES,7,1997-05-01 0:00:00,1997-05-29 0:00:00,1997-05-30 0:00:00,2,77.63,,UK
10524,BERGS,1,1997-05-01 0:00:00,1997-05-29 0:00:00,1997-05-07 0:00:00,2,244.79,22,Sweden
10525,BONAP,1,1997-05-02 0:00:00,1997-05-30 0:00:00,1997-05-23 0:00:00,2,11.06,13008,France
10526,WARTH,4,1997-05-05 0:00:00,1997-06-02 0:00:00,1997-05-15 0:00:00,2,58.59,90110,Finland
10527,QUICK,7,1997-05-05 0:00:00,1997-06-02 0:00:00,1997-05-07 0:00:00,1,41.9,1307,Germany
10528,GREAL,6,1997-05-06 0:00:00,1997-05-20 0:00:00,1997-05-09 0:00:00,2,3.35,97403,USA
10529,MAISD,5,1997-05-07 0:00:00,1997-06-04 0:00:00,1997-05-09 0:00:00,2,66.69,1180,Belgium
10530,PICCO,3,1997-05-08 0:00:00,1997-06-05 0:00:00,1997-05-12 0:00:00,2,339.22,5020,Austria
10531,OCEAN,7,1997-05-08 0:00:00,1997-06-05 0:00:00,1997-05-19 0:00:00,1,8.12,1010,Argentina
10532,EASTC,7,1997-05-09 0:00:00,1997-06-06 0:00:00,1997-05-12 0:00:00,3,74.46,,UK
10533,FOLKO,8,1997-05-12 0:00:00,1997-06-09 0:00:00,1997-05-22 0:00:00,1,188.04,67,Sweden
10534,LEHMS,8,1997-05-12 0:00:00,1997-06-09 0:00:00,1997-05-14 0:00:00,2,27.94,60528,Germany
10535,ANTON,4,1997-05-13 0:00:00,1997-06-10 0:00:00,1997-05-21 0:00:00,1,15.64,5023,Mexico
10536,LEHMS,3,1997-05-14 0:00:00,1997-06-11 0:00:00,1997-06-06 0:00:00,2,58.88,60528,Germany
10537,RICSU,1,1997-05-14 0:00:00,1997-05-28 0:00:00,1997-05-19 0:00:00,1,78.85,1204,Switzerland
10538,BSBEV,9,1997-05-15 0:00:00,1997-06-12 0:00:00,1997-05-16 0:00:00,3,4.87,,UK
10539,BSBEV,6,1997-05-16 0:00:00,1997-06-13 0:00:00,1997-05-23 0:00:00,3,12.36,,UK
10540,QUICK,3,1997-05-19 0:00:00,1997-06-16 0:00:00,1997-06-13 0:00:00,3,1007.64,1307,Germany
10541,HANAR,2,1997-05-19 0:00:00,1997-06-16 0:00:00,1997-05-29 0:00:00,1,68.65,876,Brazil
10542,KOENE,1,1997-05-20 0:00:00,1997-06-17 0:00:00,1997-05-26 0:00:00,3,10.95,14776,Germany
10543,LILAS,8,1997-05-21 0:00:00,1997-06-18 0:00:00,1997-05-23 0:00:00,2,48.17,3508,Venezuela
10544,LONEP,4,1997-05-21 0:00:00,1997-06-18 0:00:00,1997-05-30 0:00:00,1,24.91,97219,USA
10545,LAZYK,8,1997-05-22 0:00:00,1997-06-19 0:00:00,1997-06-26 0:00:00,2,11.92,99362,USA
10546,VICTE,1,1997-05-23 0:00:00,1997-06-20 0:00:00,1997-05-27 0:00:00,3,194.72,69004,France
10547,SEVES,3,1997-05-23 0:00:00,1997-06-20 0:00:00,1997-06-02 0:00:00,2,178.43,,UK
10548,TOMSP,3,1997-05-26 0:00:00,1997-06-23 0:00:00,1997-06-02 0:00:00,2,1.43,44087,Germany
10549,QUICK,5,1997-05-27 0:00:00,1997-06-10 0:00:00,1997-05-30 0:00:00,1,171.24,1307,Germany
10550,GODOS,7,1997-05-28 0:00:00,1997-06-25 0:00:00,1997-06-06 0:00:00,3,4.32,41101,Spain
10551,FURIB,4,1997-05-28 0:00:00,1997-07-09 0:00:00,1997-06-06 0:00:00,3,72.95,1675,Portugal
10552,HILAA,2,1997-05-29 0:00:00,1997-06-26 0:00:00,1997-06-05 0:00:00,1,83.22,5022,Venezuela
10553,WARTH,2,1997-05-30 0:00:00,1997-06-27 0:00:00,1997-06-03 0:00:00,2,149.49,90110,Finland
10554,OTTIK,4,1997-05-30 0:00:00,1997-06-27 0:00:00,1997-06-05 0:00:00,3,120.97,50739,Germany
10555,SAVEA,6,1997-06-02 0:00:00,1997-06-30 0:00:00,1997-06-04 0:00:00,3,252.49,83720,USA
10556,SIMOB,2,1997-06-03 0:00:00,1997-07-15 0:00:00,1997-06-13 0:00:00,1,9.8,1734,Denmark
10557,LEHMS,9,1997-06-03 0:00:00,1997-06-17 0:00:00,1997-06-06 0:00:00,2,96.72,60528,Germany
10558,AROUT,1,1997-06-04 0:00:00,1997-07-02 0:00:00,1997-06-10 0:00:00,2,72.97,,UK
10559,BLONP,6,1997-06-05 0:00:00,1997-07-03 0:00:00,1997-06-13 0:00:00,1,8.05,67000,France
10560,FRANK,8,1997-06-06 0:00:00,1997-07-04 0:00:00,1997-06-09 0:00:00,1,36.65,80805,Germany
10561,FOLKO,2,1997-06-06 0:00:00,1997-07-04 0:00:00,1997-06-09 0:00:00,2,242.21,67,Sweden
10562,REGGC,1,1997-06-09 0:00:00,1997-07-07 0:00:00,1997-06-12 0:00:00,1,22.95,42100,Italy
10563,RICAR,2,1997-06-10 0:00:00,1997-07-22 0:00:00,1997-06-24 0:00:00,2,60.43,890,Brazil
10564,RATTC,4,1997-06-10 0:00:00,1997-07-08 0:00:00,1997-06-16 0:00:00,3,13.75,87110,USA
10565,MEREP,8,1997-06-11 0:00:00,1997-07-09 0:00:00,1997-06-18 0:00:00,2,7.15,,Canada
10566,BLONP,9,1997-06-12 0:00:00,1997-07-10 0:00:00,1997-06-18 0:00:00,1,88.4,67000,France
10567,HUNGO,1,1997-06-12 0:00:00,1997-07-10 0:00:00,1997-06-17 0:00:00,1,33.97,,Ireland
10568,GALED,3,1997-06-13 0:00:00,1997-07-11 0:00:00,1997-07-09 0:00:00,3,6.54,8022,Spain
10569,RATTC,5,1997-06-16 0:00:00,1997-07-14 0:00:00,1997-07-11 0:00:00,1,58.98,87110,USA
10570,MEREP,3,1997-06-17 0:00:00,1997-07-15 0:00:00,1997-06-19 0:00:00,3,188.99,,Canada
10571,ERNSH,8,1997-06-17 0:00:00,1997-07-29 0:00:00,1997-07-04 0:00:00,3,26.06,8010,Austria
10572,BERGS,3,1997-06-18 0:00:00,1997-07-16 0:00:00,1997-06-25 0:00:00,2,116.43,22,Sweden
10573,ANTON,7,1997-06-19 0:00:00,1997-07-17 0:00:00,1997-06-20 0:00:00,3,84.84,5023,Mexico
10574,TRAIH,4,1997-06-19 0:00:00,1997-07-17 0:00:00,1997-06-30 0:00:00,2,37.6,98034,USA
10575,MORGK,5,1997-06-20 0:00:00,1997-07-04 0:00:00,1997-06-30 0:00:00,1,127.34,4179,Germany
10576,TORTU,3,1997-06-23 0:00:00,1997-07-07 0:00:00,1997-06-30 0:00:00,3,18.56,5033,Mexico
10577,TRAIH,9,1997-06-23 0:00:00,1997-08-04 0:00:00,1997-06-30 0:00:00,2,25.41,98034,USA
10578,BSBEV,4,1997-06-24 0:00:00,1997-07-22 0:00:00,1997-07-25 0:00:00,3,29.6,,UK
10579,LETSS,1,1997-06-25 0:00:00,1997-07-23 0:00:00,1997-07-04 0:00:00,2,13.73,94117,USA
10580,OTTIK,4,1997-06-26 0:00:00,1997-07-24 0:00:00,1997-07-01 0:00:00,3,75.89,50739,Germany
10581,FAMIA,3,1997-06-26 0:00:00,1997-07-24 0:00:00,1997-07-02 0:00:00,1,3.01,30,Brazil
10582,BLAUS,3,1997-06-27 0:00:00,1997-07-25 0:00:00,1997-07-14 0:00:00,2,27.71,68306,Germany
10583,WARTH,2,1997-06-30 0:00:00,1997-07-28 0:00:00,1997-07-04 0:00:00,2,7.28,90110,Finland
10584,BLONP,4,1997-06-30 0:00:00,1997-07-28 0:00:00,1997-07-04 0:00:00,1,59.14,67000,France
10585,WELLI,7,1997-07-01 0:00:00,1997-07-29 0:00:00,1997-07-10 0:00:00,1,13.41,363,Brazil
10586,REGGC,9,1997-07-02 0:00:00,1997-07-30 0:00:00,1997-07-09 0:00:00,1,0.48,42100,Italy
10587,QUEDE,1,1997-07-02 0:00:00,1997-07-30 0:00:00,1997-07-09 0:00:00,1,62.52,673,Brazil
10588,QUICK,2,1997-07-03 0:00:00,1997-07-31 0:00:00,1997-07-10 0:00:00,3,194.67,1307,Germany
10589,GREAL,8,1997-07-04 0:00:00,1997-08-01 0:00:00,1997-07-14 0:00:00,2,4.42,97403,USA
10590,MEREP,4,1997-07-07 0:00:00,1997-08-04 0:00:00,1997-07-14 0:00:00,3,44.77,,Canada
10591,VAFFE,1,1997-07-07 0:00:00,1997-07-21 0:00:00,1997-07-16 0:00:00,1,55.92,8200,Denmark
10592,LEHMS,3,1997-07-08 0:00:00,1997-08-05 0:00:00,1997-07-16 0:00:00,1,32.1,60528,Germany
10593,LEHMS,7,1997-07-09 0:00:00,1997-08-06 0:00:00,1997-08-13 0:00:00,2,174.2,60528,Germany
10594,OLDWO,3,1997-07-09 0:00:00,1997-08-06 0:00:00,1997-07-16 0:00:00,2,5.24,99508,USA
10595,ERNSH,2,1997-07-10 0:00:00,1997-08-07 0:00:00,1997-07-14 0:00:00,1,96.78,8010,Austria
10596,WHITC,8,1997-07-11 0:00:00,1997-08-08 0:00:00,1997-08-12 0:00:00,1,16.34,98124,USA
10597,PICCO,7,1997-07-11 0:00:00,1997-08-08 0:00:00,1997-07-18 0:00:00,3,35.12,5020,Austria
10598,RATTC,1,1997-07-14 0:00:00,1997-08-11 0:00:00,1997-07-18 0:00:00,3,44.42,87110,USA
10599,BSBEV,6,1997-07-15 0:00:00,1997-08-26 0:00:00,1997-07-21 0:00:00,3,29.98,,UK
10600,HUNGC,4,1997-07-16 0:00:00,1997-08-13 0:00:00,1997-07-21 0:00:00,1,45.13,97827,USA
10601,HILAA,7,1997-07-16 0:00:00,1997-08-27 0:00:00,1997-07-22 0:00:00,1,58.3,5022,Venezuela
10602,VAFFE,8,1997-07-17 0:00:00,1997-08-14 0:00:00,1997-07-22 0:00:00,2,2.92,8200,Denmark
10603,SAVEA,8,1997-07-18 0:00:00,1997-08-15 0:00:00,1997-08-08 0:00:00,2,48.77,83720,USA
10604,FURIB,1,1997-07-18 0:00:00,1997-08-15 0:00:00,1997-07-29 0:00:00,1,7.46,1675,Portugal
10605,MEREP,1,1997-07-21 0:00:00,1997-08-18 0:00:00,1997-07-29 0:00:00,2,379.13,,Canada
10606,TRADH,4,1997-07-22 0:00:00,1997-08-19 0:00:00,1997-07-31 0:00:00,3,79.4,30,Brazil
10607,SAVEA,5,1997-07-22 0:00:00,1997-08-19 0:00:00,1997-07-25 0:00:00,1,200.24,83720,USA
10608,TOMSP,4,1997-07-23 0:00:00,1997-08-20 0:00:00,1997-08-01 0:00:00,2,27.79,44087,Germany
10609,DUMON,7,1997-07-24 0:00:00,1997-08-21 0:00:00,1997-07-30 0:00:00,2,1.85,44000,France
10610,LAMAI,8,1997-07-25 0:00:00,1997-08-22 0:00:00,1997-08-06 0:00:00,1,26.78,31000,France
10611,WOLZA,6,1997-07-25 0:00:00,1997-08-22 0:00:00,1997-08-01 0:00:00,2,80.65,12,Poland
10612,SAVEA,1,1997-07-28 0:00:00,1997-08-25 0:00:00,1997-08-01 0:00:00,2,544.08,83720,USA
10613,HILAA,4,1997-07-29 0:00:00,1997-08-26 0:00:00,1997-08-01 0:00:00,2,8.11,5022,Venezuela
10614,BLAUS,8,1997-07-29 0:00:00,1997-08-26 0:00:00,1997-08-01 0:00:00,3,1.93,68306,Germany
10615,WILMK,2,1997-07-30 0:00:00,1997-08-27 0:00:00,1997-08-06 0:00:00,3,0.75,21240,Finland
10616,GREAL,1,1997-07-31 0:00:00,1997-08-28 0:00:00,1997-08-05 0:00:00,2,116.53,97403,USA
10617,GREAL,4,1997-07-31 0:00:00,1997-08-28 0:00:00,1997-08-04 0:00:00,2,18.53,97403,USA
10618,MEREP,1,1997-08-01 0:00:00,1997-09-12 0:00:00,1997-08-08 0:00:00,1,154.68,,Canada
10619,MEREP,3,1997-08-04 0:00:00,1997-09-01 0:00:00,1997-08-07 0:00:00,3,91.05,,Canada
10620,LAUGB,2,1997-08-05 0:00:00,1997-09-02 0:00:00,1997-08-14 0:00:00,3,0.94,,Canada
10621,ISLAT,4,1997-08-05 0:00:00,1997-09-02 0:00:00,1997-08-11 0:00:00,2,23.73,,UK
10622,RICAR,4,1997-08-06 0:00:00,1997-09-03 0:00:00,1997-08-11 0:00:00,3,50.97,890,Brazil
10623,FRANK,8,1997-08-07 0:00:00,1997-09-04 0:00:00,1997-08-12 0:00:00,2,97.18,80805,Germany
10624,THECR,4,1997-08-07 0:00:00,1997-09-04 0:00:00,1997-08-19 0:00:00,2,94.8,59801,USA
10625,ANATR,3,1997-08-08 0:00:00,1997-09-05 0:00:00,1997-08-14 0:00:00,1,43.9,5021,Mexico
10626,BERGS,1,1997-08-11 0:00:00,1997-09-08 0:00:00,1997-08-20 0:00:00,2,138.69,22,Sweden
10627,SAVEA,8,1997-08-11 0:00:00,1997-09-22 0:00:00,1997-08-21 0:00:00,3,107.46,83720,USA
10628,BLONP,4,1997-08-12 0:00:00,1997-09-09 0:00:00,1997-08-20 0:00:00,3,30.36,67000,France
10629,GODOS,4,1997-08-12 0:00:00,1997-09-09 0:00:00,1997-08-20 0:00:00,3,85.46,41101,Spain
10630,KOENE,1,1997-08-13 0:00:00,1997-09-10 0:00:00,1997-08-19 0:00:00,2,32.35,14776,Germany
10631,LAMAI,8,1997-08-14 0:00:00,1997-09-11 0:00:00,1997-08-15 0:00:00,1,0.87,31000,France
10632,WANDK,8,1997-08-14 0:00:00,1997-09-11 0:00:00,1997-08-19 0:00:00,1,41.38,70563,Germany
10633,ERNSH,7,1997-08-15 0:00:00,1997-09-12 0:00:00,1997-08-18 0:00:00,3,477.9,8010,Austria
10634,FOLIG,4,1997-08-15 0:00:00,1997-09-12 0:00:00,1997-08-21 0:00:00,3,487.38,59000,France
10635,MAGAA,8,1997-08-18 0:00:00,1997-09-15 0:00:00,1997-08-21 0:00:00,3,47.46,24100,Italy
10636,WARTH,4,1997-08-19 0:00:00,1997-09-16 0:00:00,1997-08-26 0:00:00,1,1.15,90110,Finland
10637,QUEEN,6,1997-08-19 0:00:00,1997-09-16 0:00:00,1997-08-26 0:00:00,1,201.29,20,Brazil
10638,LINOD,3,1997-08-20 0:00:00,1997-09-17 0:00:00,1997-09-01 0:00:00,1,158.44,4980,Venezuela
10639,SANTG,7,1997-08-20 0:00:00,1997-09-17 0:00:00,1997-08-27 0:00:00,3,38.64,4110,Norway
10640,WANDK,4,1997-08-21 0:00:00,1997-09-18 0:00:00,1997-08-28 0:00:00,1,23.55,70563,Germany
10641,HILAA,4,1997-08-22 0:00:00,1997-09-19 0:00:00,1997-08-26 0:00:00,2,179.61,5022,Venezuela
10642,SIMOB,7,1997-08-22 0:00:00,1997-09-19 0:00:00,1997-09-05 0:00:00,3,41.89,1734,Denmark
10643,ALFKI,6,1997-08-25 0:00:00,1997-09-22 0:00:00,1997-09-02 0:00:00,1,29.46,12209,Germany
10644,WELLI,3,1997-08-25 0:00:00,1997-09-22 0:00:00,1997-09-01 0:00:00,2,0.14,363,Brazil
10645,HANAR,4,1997-08-26 0:00:00,1997-09-23 0:00:00,1997-09-02 0:00:00,1,12.41,876,Brazil
10646,HUNGO,9,1997-08-27 0:00:00,1997-10-08 0:00:00,1997-09-03 0:00:00,3,142.33,,Ireland
10647,QUEDE,4,1997-08-27 0:00:00,1997-09-10 0:00:00,1997-09-03 0:00:00,2,45.54,673,Brazil
10648,RICAR,5,1997-08-28 0:00:00,1997-10-09 0:00:00,1997-09-09 0:00:00,2,14.25,890,Brazil
10649,MAISD,5,1997-08-28 0:00:00,1997-09-25 0:00:00,1997-08-29 0:00:00,3,6.2,1180,Belgium
10650,FAMIA,5,1997-08-29 0:00:00,1997-09-26 0:00:00,1997-09-03 0:00:00,3,176.81,30,Brazil
10651,WANDK,8,1997-09-01 0:00:00,1997-09-29 0:00:00,1997-09-11 0:00:00,2,20.6,70563,Germany
10652,GOURL,4,1997-09-01 0:00:00,1997-09-29 0:00:00,1997-09-08 0:00:00,2,7.14,786,Brazil
10653,FRANK,1,1997-09-02 0:00:00,1997-09-30 0:00:00,1997-09-19 0:00:00,1,93.25,80805,Germany
10654,BERGS,5,1997-09-02 0:00:00,1997-09-30 0:00:00,1997-09-11 0:00:00,1,55.26,22,Sweden
10655,REGGC,1,1997-09-03 0:00:00,1997-10-01 0:00:00,1997-09-11 0:00:00,2,4.41,42100,Italy
10656,GREAL,6,1997-09-04 0:00:00,1997-10-02 0:00:00,1997-09-10 0:00:00,1,57.15,97403,USA
10657,SAVEA,2,1997-09-04 0:00:00,1997-10-02 0:00:00,1997-09-15 0:00:00,2,352.69,83720,USA
10658,QUICK,4,1997-09-05 0:00:00,1997-10-03 0:00:00,1997-09-08 0:00:00,1,364.15,1307,Germany
10659,QUEEN,7,1997-09-05 0:00:00,1997-10-03 0:00:00,1997-09-10 0:00:00,2,105.81,20,Brazil
10660,HUNGC,8,1997-09-08 0:00:00,1997-10-06 0:00:00,1997-10-15 0:00:00,1,111.29,97827,USA
10661,HUNGO,7,1997-09-09 0:00:00,1997-10-07 0:00:00,1997-09-15 0:00:00,3,17.55,,Ireland
10662,LONEP,3,1997-09-09 0:00:00,1997-10-07 0:00:00,1997-09-18 0:00:00,2,1.28,97219,USA
10663,BONAP,2,1997-09-10 0:00:00,1997-09-24 0:00:00,1997-10-03 0:00:00,2,113.15,13008,France
10664,FURIB,1,1997-09-10 0:00:00,1997-10-08 0:00:00,1997-09-19 0:00:00,3,1.27,1675,Portugal
10665,LONEP,1,1997-09-11 0:00:00,1997-10-09 0:00:00,1997-09-17 0:00:00,2,26.31,97219,USA
10666,RICSU,7,1997-09-12 0:00:00,1997-10-10 0:00:00,1997-09-22 0:00:00,2,232.42,1204,Switzerland
10667,ERNSH,7,1997-09-12 0:00:00,1997-10-10 0:00:00,1997-09-19 0:00:00,1,78.09,8010,Austria
10668,WANDK,1,1997-09-15 0:00:00,1997-10-13 0:00:00,1997-09-23 0:00:00,2,47.22,70563,Germany
10669,SIMOB,2,1997-09-15 0:00:00,1997-10-13 0:00:00,1997-09-22 0:00:00,1,24.39,1734,Denmark
10670,FRANK,4,1997-09-16 0:00:00,1997-10-14 0:00:00,1997-09-18 0:00:00,1,203.48,80805,Germany
10671,FRANR,1,1997-09-17 0:00:00,1997-10-15 0:00:00,1997-09-24 0:00:00,1,30.34,44000,France
10672,BERGS,9,1997-09-17 0:00:00,1997-10-01 0:00:00,1997-09-26 0:00:00,2,95.75,22,Sweden
10673,WILMK,2,1997-09-18 0:00:00,1997-10-16 0:00:00,1997-09-19 0:00:00,1,22.76,21240,Finland
10674,ISLAT,4,1997-09-18 0:00:00,1997-10-16 0:00:00,1997-09-30 0:00:00,2,0.9,,UK
10675,FRANK,5,1997-09-19 0:00:00,1997-10-17 0:00:00,1997-09-23 0:00:00,2,31.85,80805,Germany
10676,TORTU,2,1997-09-22 0:00:00,1997-10-20 0:00:00,1997-09-29 0:00:00,2,2.01,5033,Mexico
10677,ANTON,1,1997-09-22 0:00:00,1997-10-20 0:00:00,1997-09-26 0:00:00,3,4.03,5023,Mexico
10678,SAVEA,7,1997-09-23 0:00:00,1997-10-21 0:00:00,1997-10-16 0:00:00,3,388.98,83720,USA
10679,BLONP,8,1997-09-23 0:00:00,1997-10-21 0:00:00,1997-09-30 0:00:00,3,27.94,67000,France
10680,OLDWO,1,1997-09-24 0:00:00,1997-10-22 0:00:00,1997-09-26 0:00:00,1,26.61,99508,USA
10681,GREAL,3,1997-09-25 0:00:00,1997-10-23 0:00:00,1997-09-30 0:00:00,3,76.13,97403,USA
10682,ANTON,3,1997-09-25 0:00:00,1997-10-23 0:00:00,1997-10-01 0:00:00,2,36.13,5023,Mexico
10683,DUMON,2,1997-09-26 0:00:00,1997-10-24 0:00:00,1997-10-01 0:00:00,1,4.4,44000,France
10684,OTTIK,3,1997-09-26 0:00:00,1997-10-24 0:00:00,1997-09-30 0:00:00,1,145.63,50739,Germany
10685,GOURL,4,1997-09-29 0:00:00,1997-10-13 0:00:00,1997-10-03 0:00:00,2,33.75,786,Brazil
10686,PICCO,2,1997-09-30 0:00:00,1997-10-28 0:00:00,1997-10-08 0:00:00,1,96.5,5020,Austria
10687,HUNGO,9,1997-09-30 0:00:00,1997-10-28 0:00:00,1997-10-30 0:00:00,2,296.43,,Ireland
10688,VAFFE,4,1997-10-01 0:00:00,1997-10-15 0:00:00,1997-10-07 0:00:00,2,299.09,8200,Denmark
10689,BERGS,1,1997-10-01 0:00:00,1997-10-29 0:00:00,1997-10-07 0:00:00,2,13.42,22,Sweden
10690,HANAR,1,1997-10-02 0:00:00,1997-10-30 0:00:00,1997-10-03 0:00:00,1,15.8,876,Brazil
10691,QUICK,2,1997-10-03 0:00:00,1997-11-14 0:00:00,1997-10-22 0:00:00,2,810.05,1307,Germany
10692,ALFKI,4,1997-10-03 0:00:00,1997-10-31 0:00:00,1997-10-13 0:00:00,2,61.02,12209,Germany
10693,WHITC,3,1997-10-06 0:00:00,1997-10-20 0:00:00,1997-10-10 0:00:00,3,139.34,98124,USA
10694,QUICK,8,1997-10-06 0:00:00,1997-11-03 0:00:00,1997-10-09 0:00:00,3,398.36,1307,Germany
10695,WILMK,7,1997-10-07 0:00:00,1997-11-18 0:00:00,1997-10-14 0:00:00,1,16.72,21240,Finland
10696,WHITC,8,1997-10-08 0:00:00,1997-11-19 0:00:00,1997-10-14 0:00:00,3,102.55,98124,USA
10697,LINOD,3,1997-10-08 0:00:00,1997-11-05 0:00:00,1997-10-14 0:00:00,1,45.52,4980,Venezuela
10698,ERNSH,4,1997-10-09 0:00:00,1997-11-06 0:00:00,1997-10-17 0:00:00,1,272.47,8010,Austria
10699,MORGK,3,1997-10-09 0:00:00,1997-11-06 0:00:00,1997-10-13 0:00:00,3,0.58,4179,Germany
10700,SAVEA,3,1997-10-10 0:00:00,1997-11-07 0:00:00,1997-10-16 0:00:00,1,65.1,83720,USA
10701,HUNGO,6,1997-10-13 0:00:00,1997-10-27 0:00:00,1997-10-15 0:00:00,3,220.31,,Ireland
10702,ALFKI,4,1997-10-13 0:00:00,1997-11-24 0:00:00,1997-10-21 0:00:00,1,23.94,12209,Germany
10703,FOLKO,6,1997-10-14 0:00:00,1997-11-11 0:00:00,1997-10-20 0:00:00,2,152.3,67,Sweden
10704,QUEEN,6,1997-10-14 0:00:00,1997-11-11 0:00:00,1997-11-07 0:00:00,1,4.78,20,Brazil
10705,HILAA,9,1997-10-15 0:00:00,1997-11-12 0:00:00,1997-11-18 0:00:00,2,3.52,5022,Venezuela
10706,OLDWO,8,1997-10-16 0:00:00,1997-11-13 0:00:00,1997-10-21 0:00:00,3,135.63,99508,USA
10707,AROUT,4,1997-10-16 0:00:00,1997-10-30 0:00:00,1997-10-23 0:00:00,3,21.74,,UK
10708,THEBI,6,1997-10-17 0:00:00,1997-11-28 0:00:00,1997-11-05 0:00:00,2,2.96,97201,USA
10709,GOURL,1,1997-10-17 0:00:00,1997-11-14 0:00:00,1997-11-20 0:00:00,3,210.8,786,Brazil
10710,FRANS,1,1997-10-20 0:00:00,1997-11-17 0:00:00,1997-10-23 0:00:00,1,4.98,10100,Italy
10711,SAVEA,5,1997-10-21 0:00:00,1997-12-02 0:00:00,1997-10-29 0:00:00,2,52.41,83720,USA
10712,HUNGO,3,1997-10-21 0:00:00,1997-11-18 0:00:00,1997-10-31 0:00:00,1,89.93,,Ireland
10713,SAVEA,1,1997-10-22 0:00:00,1997-11-19 0:00:00,1997-10-24 0:00:00,1,167.05,83720,USA
10714,SAVEA,5,1997-10-22 0:00:00,1997-11-19 0:00:00,1997-10-27 0:00:00,3,24.49,83720,USA
10715,BONAP,3,1997-10-23 0:00:00,1997-11-06 0:00:00,1997-10-29 0:00:00,1,63.2,13008,France
10716,RANCH,4,1997-10-24 0:00:00,1997-11-21 0:00:00,1997-10-27 0:00:00,2,22.57,1010,Argentina
10717,FRANK,1,1997-10-24 0:00:00,1997-11-21 0:00:00,1997-10-29 0:00:00,2,59.25,80805,Germany
10718,KOENE,1,1997-10-27 0:00:00,1997-11-24 0:00:00,1997-10-29 0:00:00,3,170.88,14776,Germany
10719,LETSS,8,1997-10-27 0:00:00,1997-11-24 0:00:00,1997-11-05 0:00:00,2,51.44,94117,USA
10720,QUEDE,8,1997-10-28 0:00:00,1997-11-11 0:00:00,1997-11-05 0:00:00,2,9.53,673,Brazil
10721,QUICK,5,1997-10-29 0:00:00,1997-11-26 0:00:00,1997-10-31 0:00:00,3,48.92,1307,Germany
10722,SAVEA,8,1997-10-29 0:00:00,1997-12-10 0:00:00,1997-11-04 0:00:00,1,74.58,83720,USA
10723,WHITC,3,1997-10-30 0:00:00,1997-11-27 0:00:00,1997-11-25 0:00:00,1,21.72,98124,USA
10724,MEREP,8,1997-10-30 0:00:00,1997-12-11 0:00:00,1997-11-05 0:00:00,2,57.75,,Canada
10725,FAMIA,4,1997-10-31 0:00:00,1997-11-28 0:00:00,1997-11-05 0:00:00,3,10.83,30,Brazil
10726,EASTC,4,1997-11-03 0:00:00,1997-11-17 0:00:00,1997-12-05 0:00:00,1,16.56,,UK
10727,REGGC,2,1997-11-03 0:00:00,1997-12-01 0:00:00,1997-12-05 0:00:00,1,89.9,42100,Italy
10728,QUEEN,4,1997-11-04 0:00:00,1997-12-02 0:00:00,1997-11-11 0:00:00,2,58.33,20,Brazil
10729,LINOD,8,1997-11-04 0:00:00,1997-12-16 0:00:00,1997-11-14 0:00:00,3,141.06,4980,Venezuela
10730,BONAP,5,1997-11-05 0:00:00,1997-12-03 0:00:00,1997-11-14 0:00:00,1,20.12,13008,France
10731,CHOPS,7,1997-11-06 0:00:00,1997-12-04 0:00:00,1997-11-14 0:00:00,1,96.65,3012,Switzerland
10732,BONAP,3,1997-11-06 0:00:00,1997-12-04 0:00:00,1997-11-07 0:00:00,1,16.97,13008,France
10733,BERGS,1,1997-11-07 0:00:00,1997-12-05 0:00:00,1997-11-10 0:00:00,3,110.11,22,Sweden
10734,GOURL,2,1997-11-07 0:00:00,1997-12-05 0:00:00,1997-11-12 0:00:00,3,1.63,786,Brazil
10735,LETSS,6,1997-11-10 0:00:00,1997-12-08 0:00:00,1997-11-21 0:00:00,2,45.97,94117,USA
10736,HUNGO,9,1997-11-11 0:00:00,1997-12-09 0:00:00,1997-11-21 0:00:00,2,44.1,,Ireland
10737,VINET,2,1997-11-11 0:00:00,1997-12-09 0:00:00,1997-11-18 0:00:00,2,7.79,51100,France
10738,SPECD,2,1997-11-12 0:00:00,1997-12-10 0:00:00,1997-11-18 0:00:00,1,2.91,75016,France
10739,VINET,3,1997-11-12 0:00:00,1997-12-10 0:00:00,1997-11-17 0:00:00,3,11.08,51100,France
10740,WHITC,4,1997-11-13 0:00:00,1997-12-11 0:00:00,1997-11-25 0:00:00,2,81.88,98124,USA
10741,AROUT,4,1997-11-14 0:00:00,1997-11-28 0:00:00,1997-11-18 0:00:00,3,10.96,,UK
10742,BOTTM,3,1997-11-14 0:00:00,1997-12-12 0:00:00,1997-11-18 0:00:00,3,243.73,,Canada
10743,AROUT,1,1997-11-17 0:00:00,1997-12-15 0:00:00,1997-11-21 0:00:00,2,23.72,,UK
10744,VAFFE,6,1997-11-17 0:00:00,1997-12-15 0:00:00,1997-11-24 0:00:00,1,69.19,8200,Denmark
10745,QUICK,9,1997-11-18 0:00:00,1997-12-16 0:00:00,1997-11-27 0:00:00,1,3.52,1307,Germany
10746,CHOPS,1,1997-11-19 0:00:00,1997-12-17 0:00:00,1997-11-21 0:00:00,3,31.43,3012,Switzerland
10747,PICCO,6,1997-11-19 0:00:00,1997-12-17 0:00:00,1997-11-26 0:00:00,1,117.33,5020,Austria
10748,SAVEA,3,1997-11-20 0:00:00,1997-12-18 0:00:00,1997-11-28 0:00:00,1,232.55,83720,USA
10749,ISLAT,4,1997-11-20 0:00:00,1997-12-18 0:00:00,1997-12-19 0:00:00,2,61.53,,UK
10750,WARTH,9,1997-11-21 0:00:00,1997-12-19 0:00:00,1997-11-24 0:00:00,1,79.3,90110,Finland
10751,RICSU,3,1997-11-24 0:00:00,1997-12-22 0:00:00,1997-12-03 0:00:00,3,130.79,1204,Switzerland
10752,NORTS,2,1997-11-24 0:00:00,1997-12-22 0:00:00,1997-11-28 0:00:00,3,1.39,,UK
10753,FRANS,3,1997-11-25 0:00:00,1997-12-23 0:00:00,1997-11-27 0:00:00,1,7.7,10100,Italy
10754,MAGAA,6,1997-11-25 0:00:00,1997-12-23 0:00:00,1997-11-27 0:00:00,3,2.38,24100,Italy
10755,BONAP,4,1997-11-26 0:00:00,1997-12-24 0:00:00,1997-11-28 0:00:00,2,16.71,13008,France
10756,SPLIR,8,1997-11-27 0:00:00,1997-12-25 0:00:00,1997-12-02 0:00:00,2,73.21,82520,USA
10757,SAVEA,6,1997-11-27 0:00:00,1997-12-25 0:00:00,1997-12-15 0:00:00,1,8.19,83720,USA
10758,RICSU,3,1997-11-28 0:00:00,1997-12-26 0:00:00,1997-12-04 0:00:00,3,138.17,1204,Switzerland
10759,ANATR,3,1997-11-28 0:00:00,1997-12-26 0:00:00,1997-12-12 0:00:00,3,11.99,5021,Mexico
10760,MAISD,4,1997-12-01 0:00:00,1997-12-29 0:00:00,1997-12-10 0:00:00,1,155.64,1180,Belgium
10761,RATTC,5,1997-12-02 0:00:00,1997-12-30 0:00:00,1997-12-08 0:00:00,2,18.66,87110,USA
10762,FOLKO,3,1997-12-02 0:00:00,1997-12-30 0:00:00,1997-12-09 0:00:00,1,328.74,67,Sweden
10763,FOLIG,3,1997-12-03 0:00:00,1997-12-31 0:00:00,1997-12-08 0:00:00,3,37.35,59000,France
10764,ERNSH,6,1997-12-03 0:00:00,1997-12-31 0:00:00,1997-12-08 0:00:00,3,145.45,8010,Austria
10765,QUICK,3,1997-12-04 0:00:00,1998-01-01 0:00:00,1997-12-09 0:00:00,3,42.74,1307,Germany
10766,OTTIK,4,1997-12-05 0:00:00,1998-01-02 0:00:00,1997-12-09 0:00:00,1,157.55,50739,Germany
10767,SUPRD,4,1997-12-05 0:00:00,1998-01-02 0:00:00,1997-12-15 0:00:00,3,1.59,6000,Belgium
10768,AROUT,3,1997-12-08 0:00:00,1998-01-05 0:00:00,1997-12-15 0:00:00,2,146.32,,UK
10769,VAFFE,3,1997-12-08 0:00:00,1998-01-05 0:00:00,1997-12-12 0:00:00,1,65.06,8200,Denmark
10770,HANAR,8,1997-12-09 0:00:00,1998-01-06 0:00:00,1997-12-17 0:00:00,3,5.32,876,Brazil
10771,ERNSH,9,1997-12-10 0:00:00,1998-01-07 0:00:00,1998-01-02 0:00:00,2,11.19,8010,Austria
10772,LEHMS,3,1997-12-10 0:00:00,1998-01-07 0:00:00,1997-12-19 0:00:00,2,91.28,60528,Germany
10773,ERNSH,1,1997-12-11 0:00:00,1998-01-08 0:00:00,1997-12-16 0:00:00,3,96.43,8010,Austria
10774,FOLKO,4,1997-12-11 0:00:00,1997-12-25 0:00:00,1997-12-12 0:00:00,1,48.2,67,Sweden
10775,THECR,7,1997-12-12 0:00:00,1998-01-09 0:00:00,1997-12-26 0:00:00,1,20.25,59801,USA
10776,ERNSH,1,1997-12-15 0:00:00,1998-01-12 0:00:00,1997-12-18 0:00:00,3,351.53,8010,Austria
10777,GOURL,7,1997-12-15 0:00:00,1997-12-29 0:00:00,1998-01-21 0:00:00,2,3.01,786,Brazil
10778,BERGS,3,1997-12-16 0:00:00,1998-01-13 0:00:00,1997-12-24 0:00:00,1,6.79,22,Sweden
10779,MORGK,3,1997-12-16 0:00:00,1998-01-13 0:00:00,1998-01-14 0:00:00,2,58.13,4179,Germany
10780,LILAS,2,1997-12-16 0:00:00,1997-12-30 0:00:00,1997-12-25 0:00:00,1,42.13,3508,Venezuela
10781,WARTH,2,1997-12-17 0:00:00,1998-01-14 0:00:00,1997-12-19 0:00:00,3,73.16,90110,Finland
10782,CACTU,9,1997-12-17 0:00:00,1998-01-14 0:00:00,1997-12-22 0:00:00,3,1.1,1010,Argentina
10783,HANAR,4,1997-12-18 0:00:00,1998-01-15 0:00:00,1997-12-19 0:00:00,2,124.98,876,Brazil
10784,MAGAA,4,1997-12-18 0:00:00,1998-01-15 0:00:00,1997-12-22 0:00:00,3,70.09,24100,Italy
10785,GROSR,1,1997-12-18 0:00:00,1998-01-15 0:00:00,1997-12-24 0:00:00,3,1.51,1081,Venezuela
10786,QUEEN,8,1997-12-19 0:00:00,1998-01-16 0:00:00,1997-12-23 0:00:00,1,110.87,20,Brazil
10787,LAMAI,2,1997-12-19 0:00:00,1998-01-02 0:00:00,1997-12-26 0:00:00,1,249.93,31000,France
10788,QUICK,1,1997-12-22 0:00:00,1998-01-19 0:00:00,1998-01-19 0:00:00,2,42.7,1307,Germany
10789,FOLIG,1,1997-12-22 0:00:00,1998-01-19 0:00:00,1997-12-31 0:00:00,2,100.6,59000,France
10790,GOURL,6,1997-12-22 0:00:00,1998-01-19 0:00:00,1997-12-26 0:00:00,1,28.23,786,Brazil
10791,FRANK,6,1997-12-23 0:00:00,1998-01-20 0:00:00,1998-01-01 0:00:00,2,16.85,80805,Germany
10792,WOLZA,1,1997-12-23 0:00:00,1998-01-20 0:00:00,1997-12-31 0:00:00,3,23.79,12,Poland
10793,AROUT,3,1997-12-24 0:00:00,1998-01-21 0:00:00,1998-01-08 0:00:00,3,4.52,,UK
10794,QUEDE,6,1997-12-24 0:00:00,1998-01-21 0:00:00,1998-01-02 0:00:00,1,21.49,673,Brazil
10795,ERNSH,8,1997-12-24 0:00:00,1998-01-21 0:00:00,1998-01-20 0:00:00,2,126.66,8010,Austria
10796,HILAA,3,1997-12-25 0:00:00,1998-01-22 0:00:00,1998-01-14 0:00:00,1,26.52,5022,Venezuela
10797,DRACD,7,1997-12-25 0:00:00,1998-01-22 0:00:00,1998-01-05 0:00:00,2,33.35,52066,Germany
10798,ISLAT,2,1997-12-26 0:00:00,1998-01-23 0:00:00,1998-01-05 0:00:00,1,2.33,,UK
10799,KOENE,9,1997-12-26 0:00:00,1998-02-06 0:00:00,1998-01-05 0:00:00,3,30.76,14776,Germany
10800,SEVES,1,1997-12-26 0:00:00,1998-01-23 0:00:00,1998-01-05 0:00:00,3,137.44,,UK
10801,BOLID,4,1997-12-29 0:00:00,1998-01-26 0:00:00,1997-12-31 0:00:00,2,97.09,28023,Spain
10802,SIMOB,4,1997-12-29 0:00:00,1998-01-26 0:00:00,1998-01-02 0:00:00,2,257.26,1734,Denmark
10803,WELLI,4,1997-12-30 0:00:00,1998-01-27 0:00:00,1998-01-06 0:00:00,1,55.23,363,Brazil
10804,SEVES,6,1997-12-30 0:00:00,1998-01-27 0:00:00,1998-01-07 0:00:00,2,27.33,,UK
10805,THEBI,2,1997-12-30 0:00:00,1998-01-27 0:00:00,1998-01-09 0:00:00,3,237.34,97201,USA
10806,VICTE,3,1997-12-31 0:00:00,1998-01-28 0:00:00,1998-01-05 0:00:00,2,22.11,69004,France
10807,FRANS,4,1997-12-31 0:00:00,1998-01-28 0:00:00,1998-01-30 0:00:00,1,1.36,10100,Italy
10808,OLDWO,2,1998-01-01 0:00:00,1998-01-29 0:00:00,1998-01-09 0:00:00,3,45.53,99508,USA
10809,WELLI,7,1998-01-01 0:00:00,1998-01-29 0:00:00,1998-01-07 0:00:00,1,4.87,363,Brazil
10810,LAUGB,2,1998-01-01 0:00:00,1998-01-29 0:00:00,1998-01-07 0:00:00,3,4.33,,Canada
10811,LINOD,8,1998-01-02 0:00:00,1998-01-30 0:00:00,1998-01-08 0:00:00,1,31.22,4980,Venezuela
10812,REGGC,5,1998-01-02 0:00:00,1998-01-30 0:00:00,1998-01-12 0:00:00,1,59.78,42100,Italy
10813,RICAR,1,1998-01-05 0:00:00,1998-02-02 0:00:00,1998-01-09 0:00:00,1,47.38,890,Brazil
10814,VICTE,3,1998-01-05 0:00:00,1998-02-02 0:00:00,1998-01-14 0:00:00,3,130.94,69004,France
10815,SAVEA,2,1998-01-05 0:00:00,1998-02-02 0:00:00,1998-01-14 0:00:00,3,14.62,83720,USA
10816,GREAL,4,1998-01-06 0:00:00,1998-02-03 0:00:00,1998-02-04 0:00:00,2,719.78,97403,USA
10817,KOENE,3,1998-01-06 0:00:00,1998-01-20 0:00:00,1998-01-13 0:00:00,2,306.07,14776,Germany
10818,MAGAA,7,1998-01-07 0:00:00,1998-02-04 0:00:00,1998-01-12 0:00:00,3,65.48,24100,Italy
10819,CACTU,2,1998-01-07 0:00:00,1998-02-04 0:00:00,1998-01-16 0:00:00,3,19.76,1010,Argentina
10820,RATTC,3,1998-01-07 0:00:00,1998-02-04 0:00:00,1998-01-13 0:00:00,2,37.52,87110,USA
10821,SPLIR,1,1998-01-08 0:00:00,1998-02-05 0:00:00,1998-01-15 0:00:00,1,36.68,82520,USA
10822,TRAIH,6,1998-01-08 0:00:00,1998-02-05 0:00:00,1998-01-16 0:00:00,3,7,98034,USA
10823,LILAS,5,1998-01-09 0:00:00,1998-02-06 0:00:00,1998-01-13 0:00:00,2,163.97,3508,Venezuela
10824,FOLKO,8,1998-01-09 0:00:00,1998-02-06 0:00:00,1998-01-30 0:00:00,1,1.23,67,Sweden
10825,DRACD,1,1998-01-09 0:00:00,1998-02-06 0:00:00,1998-01-14 0:00:00,1,79.25,52066,Germany
10826,BLONP,6,1998-01-12 0:00:00,1998-02-09 0:00:00,1998-02-06 0:00:00,1,7.09,67000,France
10827,BONAP,1,1998-01-12 0:00:00,1998-01-26 0:00:00,1998-02-06 0:00:00,2,63.54,13008,France
10828,RANCH,9,1998-01-13 0:00:00,1998-01-27 0:00:00,1998-02-04 0:00:00,1,90.85,1010,Argentina
10829,ISLAT,9,1998-01-13 0:00:00,1998-02-10 0:00:00,1998-01-23 0:00:00,1,154.72,,UK
10830,TRADH,4,1998-01-13 0:00:00,1998-02-24 0:00:00,1998-01-21 0:00:00,2,81.83,30,Brazil
10831,SANTG,3,1998-01-14 0:00:00,1998-02-11 0:00:00,1998-01-23 0:00:00,2,72.19,4110,Norway
10832,LAMAI,2,1998-01-14 0:00:00,1998-02-11 0:00:00,1998-01-19 0:00:00,2,43.26,31000,France
10833,OTTIK,6,1998-01-15 0:00:00,1998-02-12 0:00:00,1998-01-23 0:00:00,2,71.49,50739,Germany
10834,TRADH,1,1998-01-15 0:00:00,1998-02-12 0:00:00,1998-01-19 0:00:00,3,29.78,30,Brazil
10835,ALFKI,1,1998-01-15 0:00:00,1998-02-12 0:00:00,1998-01-21 0:00:00,3,69.53,12209,Germany
10836,ERNSH,7,1998-01-16 0:00:00,1998-02-13 0:00:00,1998-01-21 0:00:00,1,411.88,8010,Austria
10837,BERGS,9,1998-01-16 0:00:00,1998-02-13 0:00:00,1998-01-23 0:00:00,3,13.32,22,Sweden
10838,LINOD,3,1998-01-19 0:00:00,1998-02-16 0:00:00,1998-01-23 0:00:00,3,59.28,4980,Venezuela
10839,TRADH,3,1998-01-19 0:00:00,1998-02-16 0:00:00,1998-01-22 0:00:00,3,35.43,30,Brazil
10840,LINOD,4,1998-01-19 0:00:00,1998-03-02 0:00:00,1998-02-16 0:00:00,2,2.71,4980,Venezuela
10841,SUPRD,5,1998-01-20 0:00:00,1998-02-17 0:00:00,1998-01-29 0:00:00,2,424.3,6000,Belgium
10842,TORTU,1,1998-01-20 0:00:00,1998-02-17 0:00:00,1998-01-29 0:00:00,3,54.42,5033,Mexico
10843,VICTE,4,1998-01-21 0:00:00,1998-02-18 0:00:00,1998-01-26 0:00:00,2,9.26,69004,France
10844,PICCO,8,1998-01-21 0:00:00,1998-02-18 0:00:00,1998-01-26 0:00:00,2,25.22,5020,Austria
10845,QUICK,8,1998-01-21 0:00:00,1998-02-04 0:00:00,1998-01-30 0:00:00,1,212.98,1307,Germany
10846,SUPRD,2,1998-01-22 0:00:00,1998-03-05 0:00:00,1998-01-23 0:00:00,3,56.46,6000,Belgium
10847,SAVEA,4,1998-01-22 0:00:00,1998-02-05 0:00:00,1998-02-10 0:00:00,3,487.57,83720,USA
10848,CONSH,7,1998-01-23 0:00:00,1998-02-20 0:00:00,1998-01-29 0:00:00,2,38.24,,UK
10849,KOENE,9,1998-01-23 0:00:00,1998-02-20 0:00:00,1998-01-30 0:00:00,2,0.56,14776,Germany
10850,VICTE,1,1998-01-23 0:00:00,1998-03-06 0:00:00,1998-01-30 0:00:00,1,49.19,69004,France
10851,RICAR,5,1998-01-26 0:00:00,1998-02-23 0:00:00,1998-02-02 0:00:00,1,160.55,890,Brazil
10852,RATTC,8,1998-01-26 0:00:00,1998-02-09 0:00:00,1998-01-30 0:00:00,1,174.05,87110,USA
10853,BLAUS,9,1998-01-27 0:00:00,1998-02-24 0:00:00,1998-02-03 0:00:00,2,53.83,68306,Germany
10854,ERNSH,3,1998-01-27 0:00:00,1998-02-24 0:00:00,1998-02-05 0:00:00,2,100.22,8010,Austria
10855,OLDWO,3,1998-01-27 0:00:00,1998-02-24 0:00:00,1998-02-04 0:00:00,1,170.97,99508,USA
10856,ANTON,3,1998-01-28 0:00:00,1998-02-25 0:00:00,1998-02-10 0:00:00,2,58.43,5023,Mexico
10857,BERGS,8,1998-01-28 0:00:00,1998-02-25 0:00:00,1998-02-06 0:00:00,2,188.85,22,Sweden
10858,LACOR,2,1998-01-29 0:00:00,1998-02-26 0:00:00,1998-02-03 0:00:00,1,52.51,78000,France
10859,FRANK,1,1998-01-29 0:00:00,1998-02-26 0:00:00,1998-02-02 0:00:00,2,76.1,80805,Germany
10860,FRANR,3,1998-01-29 0:00:00,1998-02-26 0:00:00,1998-02-04 0:00:00,3,19.26,44000,France
10861,WHITC,4,1998-01-30 0:00:00,1998-02-27 0:00:00,1998-02-17 0:00:00,2,14.93,98124,USA
10862,LEHMS,8,1998-01-30 0:00:00,1998-03-13 0:00:00,1998-02-02 0:00:00,2,53.23,60528,Germany
10863,HILAA,4,1998-02-02 0:00:00,1998-03-02 0:00:00,1998-02-17 0:00:00,2,30.26,5022,Venezuela
10864,AROUT,4,1998-02-02 0:00:00,1998-03-02 0:00:00,1998-02-09 0:00:00,2,3.04,,UK
10865,QUICK,2,1998-02-02 0:00:00,1998-02-16 0:00:00,1998-02-12 0:00:00,1,348.14,1307,Germany
10866,BERGS,5,1998-02-03 0:00:00,1998-03-03 0:00:00,1998-02-12 0:00:00,1,109.11,22,Sweden
10867,LONEP,6,1998-02-03 0:00:00,1998-03-17 0:00:00,1998-02-11 0:00:00,1,1.93,97219,USA
10868,QUEEN,7,1998-02-04 0:00:00,1998-03-04 0:00:00,1998-02-23 0:00:00,2,191.27,20,Brazil
10869,SEVES,5,1998-02-04 0:00:00,1998-03-04 0:00:00,1998-02-09 0:00:00,1,143.28,,UK
10870,WOLZA,5,1998-02-04 0:00:00,1998-03-04 0:00:00,1998-02-13 0:00:00,3,12.04,12,Poland
10871,BONAP,9,1998-02-05 0:00:00,1998-03-05 0:00:00,1998-02-10 0:00:00,2,112.27,13008,France
10872,GODOS,5,1998-02-05 0:00:00,1998-03-05 0:00:00,1998-02-09 0:00:00,2,175.32,41101,Spain
10873,WILMK,4,1998-02-06 0:00:00,1998-03-06 0:00:00,1998-02-09 0:00:00,1,0.82,21240,Finland
10874,GODOS,5,1998-02-06 0:00:00,1998-03-06 0:00:00,1998-02-11 0:00:00,2,19.58,41101,Spain
10875,BERGS,4,1998-02-06 0:00:00,1998-03-06 0:00:00,1998-03-03 0:00:00,2,32.37,22,Sweden
10876,BONAP,7,1998-02-09 0:00:00,1998-03-09 0:00:00,1998-02-12 0:00:00,3,60.42,13008,France
10877,RICAR,1,1998-02-09 0:00:00,1998-03-09 0:00:00,1998-02-19 0:00:00,1,38.06,890,Brazil
10878,QUICK,4,1998-02-10 0:00:00,1998-03-10 0:00:00,1998-02-12 0:00:00,1,46.69,1307,Germany
10879,WILMK,3,1998-02-10 0:00:00,1998-03-10 0:00:00,1998-02-12 0:00:00,3,8.5,21240,Finland
10880,FOLKO,7,1998-02-10 0:00:00,1998-03-24 0:00:00,1998-02-18 0:00:00,1,88.01,67,Sweden
10881,CACTU,4,1998-02-11 0:00:00,1998-03-11 0:00:00,1998-02-18 0:00:00,1,2.84,1010,Argentina
10882,SAVEA,4,1998-02-11 0:00:00,1998-03-11 0:00:00,1998-02-20 0:00:00,3,23.1,83720,USA
10883,LONEP,8,1998-02-12 0:00:00,1998-03-12 0:00:00,1998-02-20 0:00:00,3,0.53,97219,USA
10884,LETSS,4,1998-02-12 0:00:00,1998-03-12 0:00:00,1998-02-13 0:00:00,2,90.97,94117,USA
10885,SUPRD,6,1998-02-12 0:00:00,1998-03-12 0:00:00,1998-02-18 0:00:00,3,5.64,6000,Belgium
10886,HANAR,1,1998-02-13 0:00:00,1998-03-13 0:00:00,1998-03-02 0:00:00,1,4.99,876,Brazil
10887,GALED,8,1998-02-13 0:00:00,1998-03-13 0:00:00,1998-02-16 0:00:00,3,1.25,8022,Spain
10888,GODOS,1,1998-02-16 0:00:00,1998-03-16 0:00:00,1998-02-23 0:00:00,2,51.87,41101,Spain
10889,RATTC,9,1998-02-16 0:00:00,1998-03-16 0:00:00,1998-02-23 0:00:00,3,280.61,87110,USA
10890,DUMON,7,1998-02-16 0:00:00,1998-03-16 0:00:00,1998-02-18 0:00:00,1,32.76,44000,France
10891,LEHMS,7,1998-02-17 0:00:00,1998-03-17 0:00:00,1998-02-19 0:00:00,2,20.37,60528,Germany
10892,MAISD,4,1998-02-17 0:00:00,1998-03-17 0:00:00,1998-02-19 0:00:00,2,120.27,1180,Belgium
10893,KOENE,9,1998-02-18 0:00:00,1998-03-18 0:00:00,1998-02-20 0:00:00,2,77.78,14776,Germany
10894,SAVEA,1,1998-02-18 0:00:00,1998-03-18 0:00:00,1998-02-20 0:00:00,1,116.13,83720,USA
10895,ERNSH,3,1998-02-18 0:00:00,1998-03-18 0:00:00,1998-02-23 0:00:00,1,162.75,8010,Austria
10896,MAISD,7,1998-02-19 0:00:00,1998-03-19 0:00:00,1998-02-27 0:00:00,3,32.45,1180,Belgium
10897,HUNGO,3,1998-02-19 0:00:00,1998-03-19 0:00:00,1998-02-25 0:00:00,2,603.54,,Ireland
10898,OCEAN,4,1998-02-20 0:00:00,1998-03-20 0:00:00,1998-03-06 0:00:00,2,1.27,1010,Argentina
10899,LILAS,5,1998-02-20 0:00:00,1998-03-20 0:00:00,1998-02-26 0:00:00,3,1.21,3508,Venezuela
10900,WELLI,1,1998-02-20 0:00:00,1998-03-20 0:00:00,1998-03-04 0:00:00,2,1.66,363,Brazil
10901,HILAA,4,1998-02-23 0:00:00,1998-03-23 0:00:00,1998-02-26 0:00:00,1,62.09,5022,Venezuela
10902,FOLKO,1,1998-02-23 0:00:00,1998-03-23 0:00:00,1998-03-03 0:00:00,1,44.15,67,Sweden
10903,HANAR,3,1998-02-24 0:00:00,1998-03-24 0:00:00,1998-03-04 0:00:00,3,36.71,876,Brazil
10904,WHITC,3,1998-02-24 0:00:00,1998-03-24 0:00:00,1998-02-27 0:00:00,3,162.95,98124,USA
10905,WELLI,9,1998-02-24 0:00:00,1998-03-24 0:00:00,1998-03-06 0:00:00,2,13.72,363,Brazil
10906,WOLZA,4,1998-02-25 0:00:00,1998-03-11 0:00:00,1998-03-03 0:00:00,3,26.29,12,Poland
10907,SPECD,6,1998-02-25 0:00:00,1998-03-25 0:00:00,1998-02-27 0:00:00,3,9.19,75016,France
10908,REGGC,4,1998-02-26 0:00:00,1998-03-26 0:00:00,1998-03-06 0:00:00,2,32.96,42100,Italy
10909,SANTG,1,1998-02-26 0:00:00,1998-03-26 0:00:00,1998-03-10 0:00:00,2,53.05,4110,Norway
10910,WILMK,1,1998-02-26 0:00:00,1998-03-26 0:00:00,1998-03-04 0:00:00,3,38.11,21240,Finland
10911,GODOS,3,1998-02-26 0:00:00,1998-03-26 0:00:00,1998-03-05 0:00:00,1,38.19,41101,Spain
10912,HUNGO,2,1998-02-26 0:00:00,1998-03-26 0:00:00,1998-03-18 0:00:00,2,580.91,,Ireland
10913,QUEEN,4,1998-02-26 0:00:00,1998-03-26 0:00:00,1998-03-04 0:00:00,1,33.05,20,Brazil
10914,QUEEN,6,1998-02-27 0:00:00,1998-03-27 0:00:00,1998-03-02 0:00:00,1,21.19,20,Brazil
10915,TORTU,2,1998-02-27 0:00:00,1998-03-27 0:00:00,1998-03-02 0:00:00,2,3.51,5033,Mexico
10916,RANCH,1,1998-02-27 0:00:00,1998-03-27 0:00:00,1998-03-09 0:00:00,2,63.77,1010,Argentina
10917,ROMEY,4,1998-03-02 0:00:00,1998-03-30 0:00:00,1998-03-11 0:00:00,2,8.29,28001,Spain
10918,BOTTM,3,1998-03-02 0:00:00,1998-03-30 0:00:00,1998-03-11 0:00:00,3,48.83,,Canada
10919,LINOD,2,1998-03-02 0:00:00,1998-03-30 0:00:00,1998-03-04 0:00:00,2,19.8,4980,Venezuela
10920,AROUT,4,1998-03-03 0:00:00,1998-03-31 0:00:00,1998-03-09 0:00:00,2,29.61,,UK
10921,VAFFE,1,1998-03-03 0:00:00,1998-04-14 0:00:00,1998-03-09 0:00:00,1,176.48,8200,Denmark
10922,HANAR,5,1998-03-03 0:00:00,1998-03-31 0:00:00,1998-03-05 0:00:00,3,62.74,876,Brazil
10923,LAMAI,7,1998-03-03 0:00:00,1998-04-14 0:00:00,1998-03-13 0:00:00,3,68.26,31000,France
10924,BERGS,3,1998-03-04 0:00:00,1998-04-01 0:00:00,1998-04-08 0:00:00,2,151.52,22,Sweden
10925,HANAR,3,1998-03-04 0:00:00,1998-04-01 0:00:00,1998-03-13 0:00:00,1,2.27,876,Brazil
10926,ANATR,4,1998-03-04 0:00:00,1998-04-01 0:00:00,1998-03-11 0:00:00,3,39.92,5021,Mexico
10927,LACOR,4,1998-03-05 0:00:00,1998-04-02 0:00:00,1998-04-08 0:00:00,1,19.79,78000,France
10928,GALED,1,1998-03-05 0:00:00,1998-04-02 0:00:00,1998-03-18 0:00:00,1,1.36,8022,Spain
10929,FRANK,6,1998-03-05 0:00:00,1998-04-02 0:00:00,1998-03-12 0:00:00,1,33.93,80805,Germany
10930,SUPRD,4,1998-03-06 0:00:00,1998-04-17 0:00:00,1998-03-18 0:00:00,3,15.55,6000,Belgium
10931,RICSU,4,1998-03-06 0:00:00,1998-03-20 0:00:00,1998-03-19 0:00:00,2,13.6,1204,Switzerland
10932,BONAP,8,1998-03-06 0:00:00,1998-04-03 0:00:00,1998-03-24 0:00:00,1,134.64,13008,France
10933,ISLAT,6,1998-03-06 0:00:00,1998-04-03 0:00:00,1998-03-16 0:00:00,3,54.15,,UK
10934,LEHMS,3,1998-03-09 0:00:00,1998-04-06 0:00:00,1998-03-12 0:00:00,3,32.01,60528,Germany
10935,WELLI,4,1998-03-09 0:00:00,1998-04-06 0:00:00,1998-03-18 0:00:00,3,47.59,363,Brazil
10936,GREAL,3,1998-03-09 0:00:00,1998-04-06 0:00:00,1998-03-18 0:00:00,2,33.68,97403,USA
10937,CACTU,7,1998-03-10 0:00:00,1998-03-24 0:00:00,1998-03-13 0:00:00,3,31.51,1010,Argentina
10938,QUICK,3,1998-03-10 0:00:00,1998-04-07 0:00:00,1998-03-16 0:00:00,2,31.89,1307,Germany
10939,MAGAA,2,1998-03-10 0:00:00,1998-04-07 0:00:00,1998-03-13 0:00:00,2,76.33,24100,Italy
10940,BONAP,8,1998-03-11 0:00:00,1998-04-08 0:00:00,1998-03-23 0:00:00,3,19.77,13008,France
10941,SAVEA,7,1998-03-11 0:00:00,1998-04-08 0:00:00,1998-03-20 0:00:00,2,400.81,83720,USA
10942,REGGC,9,1998-03-11 0:00:00,1998-04-08 0:00:00,1998-03-18 0:00:00,3,17.95,42100,Italy
10943,BSBEV,4,1998-03-11 0:00:00,1998-04-08 0:00:00,1998-03-19 0:00:00,2,2.17,,UK
10944,BOTTM,6,1998-03-12 0:00:00,1998-03-26 0:00:00,1998-03-13 0:00:00,3,52.92,,Canada
10945,MORGK,4,1998-03-12 0:00:00,1998-04-09 0:00:00,1998-03-18 0:00:00,1,10.22,4179,Germany
10946,VAFFE,1,1998-03-12 0:00:00,1998-04-09 0:00:00,1998-03-19 0:00:00,2,27.2,8200,Denmark
10947,BSBEV,3,1998-03-13 0:00:00,1998-04-10 0:00:00,1998-03-16 0:00:00,2,3.26,,UK
10948,GODOS,3,1998-03-13 0:00:00,1998-04-10 0:00:00,1998-03-19 0:00:00,3,23.39,41101,Spain
10949,BOTTM,2,1998-03-13 0:00:00,1998-04-10 0:00:00,1998-03-17 0:00:00,3,74.44,,Canada
10950,MAGAA,1,1998-03-16 0:00:00,1998-04-13 0:00:00,1998-03-23 0:00:00,2,2.5,24100,Italy
10951,RICSU,9,1998-03-16 0:00:00,1998-04-27 0:00:00,1998-04-07 0:00:00,2,30.85,1204,Switzerland
10952,ALFKI,1,1998-03-16 0:00:00,1998-04-27 0:00:00,1998-03-24 0:00:00,1,40.42,12209,Germany
10953,AROUT,9,1998-03-16 0:00:00,1998-03-30 0:00:00,1998-03-25 0:00:00,2,23.72,,UK
10954,LINOD,5,1998-03-17 0:00:00,1998-04-28 0:00:00,1998-03-20 0:00:00,1,27.91,4980,Venezuela
10955,FOLKO,8,1998-03-17 0:00:00,1998-04-14 0:00:00,1998-03-20 0:00:00,2,3.26,67,Sweden
10956,BLAUS,6,1998-03-17 0:00:00,1998-04-28 0:00:00,1998-03-20 0:00:00,2,44.65,68306,Germany
10957,HILAA,8,1998-03-18 0:00:00,1998-04-15 0:00:00,1998-03-27 0:00:00,3,105.36,5022,Venezuela
10958,OCEAN,7,1998-03-18 0:00:00,1998-04-15 0:00:00,1998-03-27 0:00:00,2,49.56,1010,Argentina
10959,GOURL,6,1998-03-18 0:00:00,1998-04-29 0:00:00,1998-03-23 0:00:00,2,4.98,786,Brazil
10960,HILAA,3,1998-03-19 0:00:00,1998-04-02 0:00:00,1998-04-08 0:00:00,1,2.08,5022,Venezuela
10961,QUEEN,8,1998-03-19 0:00:00,1998-04-16 0:00:00,1998-03-30 0:00:00,1,104.47,20,Brazil
10962,QUICK,8,1998-03-19 0:00:00,1998-04-16 0:00:00,1998-03-23 0:00:00,2,275.79,1307,Germany
10963,FURIB,9,1998-03-19 0:00:00,1998-04-16 0:00:00,1998-03-26 0:00:00,3,2.7,1675,Portugal
10964,SPECD,3,1998-03-20 0:00:00,1998-04-17 0:00:00,1998-03-24 0:00:00,2,87.38,75016,France
10965,OLDWO,6,1998-03-20 0:00:00,1998-04-17 0:00:00,1998-03-30 0:00:00,3,144.38,99508,USA
10966,CHOPS,4,1998-03-20 0:00:00,1998-04-17 0:00:00,1998-04-08 0:00:00,1,27.19,3012,Switzerland
10967,TOMSP,2,1998-03-23 0:00:00,1998-04-20 0:00:00,1998-04-02 0:00:00,2,62.22,44087,Germany
10968,ERNSH,1,1998-03-23 0:00:00,1998-04-20 0:00:00,1998-04-01 0:00:00,3,74.6,8010,Austria
10969,COMMI,1,1998-03-23 0:00:00,1998-04-20 0:00:00,1998-03-30 0:00:00,2,0.21,43,Brazil
10970,BOLID,9,1998-03-24 0:00:00,1998-04-07 0:00:00,1998-04-24 0:00:00,1,16.16,28023,Spain
10971,FRANR,2,1998-03-24 0:00:00,1998-04-21 0:00:00,1998-04-02 0:00:00,2,121.82,44000,France
10972,LACOR,4,1998-03-24 0:00:00,1998-04-21 0:00:00,1998-03-26 0:00:00,2,0.02,78000,France
10973,LACOR,6,1998-03-24 0:00:00,1998-04-21 0:00:00,1998-03-27 0:00:00,2,15.17,78000,France
10974,SPLIR,3,1998-03-25 0:00:00,1998-04-08 0:00:00,1998-04-03 0:00:00,3,12.96,82520,USA
10975,BOTTM,1,1998-03-25 0:00:00,1998-04-22 0:00:00,1998-03-27 0:00:00,3,32.27,,Canada
10976,HILAA,1,1998-03-25 0:00:00,1998-05-06 0:00:00,1998-04-03 0:00:00,1,37.97,5022,Venezuela
10977,FOLKO,8,1998-03-26 0:00:00,1998-04-23 0:00:00,1998-04-10 0:00:00,3,208.5,67,Sweden
10978,MAISD,9,1998-03-26 0:00:00,1998-04-23 0:00:00,1998-04-23 0:00:00,2,32.82,1180,Belgium
10979,ERNSH,8,1998-03-26 0:00:00,1998-04-23 0:00:00,1998-03-31 0:00:00,2,353.07,8010,Austria
10980,FOLKO,4,1998-03-27 0:00:00,1998-05-08 0:00:00,1998-04-17 0:00:00,1,1.26,67,Sweden
10981,HANAR,1,1998-03-27 0:00:00,1998-04-24 0:00:00,1998-04-02 0:00:00,2,193.37,876,Brazil
10982,BOTTM,2,1998-03-27 0:00:00,1998-04-24 0:00:00,1998-04-08 0:00:00,1,14.01,,Canada
10983,SAVEA,2,1998-03-27 0:00:00,1998-04-24 0:00:00,1998-04-06 0:00:00,2,657.54,83720,USA
10984,SAVEA,1,1998-03-30 0:00:00,1998-04-27 0:00:00,1998-04-03 0:00:00,3,211.22,83720,USA
10985,HUNGO,2,1998-03-30 0:00:00,1998-04-27 0:00:00,1998-04-02 0:00:00,1,91.51,,Ireland
10986,OCEAN,8,1998-03-30 0:00:00,1998-04-27 0:00:00,1998-04-21 0:00:00,2,217.86,1010,Argentina
10987,EASTC,8,1998-03-31 0:00:00,1998-04-28 0:00:00,1998-04-06 0:00:00,1,185.48,,UK
10988,RATTC,3,1998-03-31 0:00:00,1998-04-28 0:00:00,1998-04-10 0:00:00,2,61.14,87110,USA
10989,QUEDE,2,1998-03-31 0:00:00,1998-04-28 0:00:00,1998-04-02 0:00:00,1,34.76,673,Brazil
10990,ERNSH,2,1998-04-01 0:00:00,1998-05-13 0:00:00,1998-04-07 0:00:00,3,117.61,8010,Austria
10991,QUICK,1,1998-04-01 0:00:00,1998-04-29 0:00:00,1998-04-07 0:00:00,1,38.51,1307,Germany
10992,THEBI,1,1998-04-01 0:00:00,1998-04-29 0:00:00,1998-04-03 0:00:00,3,4.27,97201,USA
10993,FOLKO,7,1998-04-01 0:00:00,1998-04-29 0:00:00,1998-04-10 0:00:00,3,8.81,67,Sweden
10994,VAFFE,2,1998-04-02 0:00:00,1998-04-16 0:00:00,1998-04-09 0:00:00,3,65.53,8200,Denmark
10995,PERIC,1,1998-04-02 0:00:00,1998-04-30 0:00:00,1998-04-06 0:00:00,3,46,5033,Mexico
10996,QUICK,4,1998-04-02 0:00:00,1998-04-30 0:00:00,1998-04-10 0:00:00,2,1.12,1307,Germany
10997,LILAS,8,1998-04-03 0:00:00,1998-05-15 0:00:00,1998-04-13 0:00:00,2,73.91,3508,Venezuela
10998,WOLZA,8,1998-04-03 0:00:00,1998-04-17 0:00:00,1998-04-17 0:00:00,2,20.31,12,Poland
10999,OTTIK,6,1998-04-03 0:00:00,1998-05-01 0:00:00,1998-04-10 0:00:00,2,96.35,50739,Germany
11000,RATTC,2,1998-04-06 0:00:00,1998-05-04 0:00:00,1998-04-14 0:00:00,3,55.12,87110,USA
11001,FOLKO,2,1998-04-06 0:00:00,1998-05-04 0:00:00,1998-04-14 0:00:00,2,197.3,67,Sweden
11002,SAVEA,4,1998-04-06 0:00:00,1998-05-04 0:00:00,1998-04-16 0:00:00,1,141.16,83720,USA
11003,THECR,3,1998-04-06 0:00:00,1998-05-04 0:00:00,1998-04-08 0:00:00,3,14.91,59801,USA
11004,MAISD,3,1998-04-07 0:00:00,1998-05-05 0:00:00,1998-04-20 0:00:00,1,44.84,1180,Belgium
11005,WILMK,2,1998-04-07 0:00:00,1998-05-05 0:00:00,1998-04-10 0:00:00,1,0.75,21240,Finland
11006,GREAL,3,1998-04-07 0:00:00,1998-05-05 0:00:00,1998-04-15 0:00:00,2,25.19,97403,USA
11007,PRINI,8,1998-04-08 0:00:00,1998-05-06 0:00:00,1998-04-13 0:00:00,2,202.24,1756,Portugal
11008,ERNSH,7,1998-04-08 0:00:00,1998-05-06 0:00:00,NULL,3,79.46,41101,Austria
11009,GODOS,2,1998-04-08 0:00:00,1998-05-06 0:00:00,1998-04-10 0:00:00,1,59.11,42100,Spain
11010,REGGC,2,1998-04-09 0:00:00,1998-05-07 0:00:00,1998-04-21 0:00:00,2,28.71,12209,Italy
11011,ALFKI,3,1998-04-09 0:00:00,1998-05-07 0:00:00,1998-04-13 0:00:00,1,1.21,80805,Germany
11012,FRANK,1,1998-04-09 0:00:00,1998-04-23 0:00:00,1998-04-17 0:00:00,3,242.95,28001,Germany
11013,ROMEY,2,1998-04-09 0:00:00,1998-05-07 0:00:00,1998-04-10 0:00:00,1,32.99,4980,Spain
11014,LINOD,2,1998-04-10 0:00:00,1998-05-08 0:00:00,1998-04-15 0:00:00,3,23.6,4110,Venezuela
11015,SANTG,2,1998-04-10 0:00:00,1998-04-24 0:00:00,1998-04-20 0:00:00,2,4.62,,Norway
11016,AROUT,9,1998-04-10 0:00:00,1998-05-08 0:00:00,1998-04-13 0:00:00,2,33.8,8010,UK
11017,ERNSH,9,1998-04-13 0:00:00,1998-05-11 0:00:00,1998-04-20 0:00:00,2,754.26,97219,Austria
11018,LONEP,4,1998-04-13 0:00:00,1998-05-11 0:00:00,1998-04-16 0:00:00,2,11.65,1010,USA
11019,RANCH,6,1998-04-13 0:00:00,1998-05-11 0:00:00,NULL,3,3.17,50739,Argentina
11020,OTTIK,2,1998-04-14 0:00:00,1998-05-12 0:00:00,1998-04-16 0:00:00,2,43.3,1307,Germany
11021,QUICK,3,1998-04-14 0:00:00,1998-05-12 0:00:00,1998-04-21 0:00:00,1,297.18,876,Germany
11022,HANAR,9,1998-04-14 0:00:00,1998-05-12 0:00:00,1998-05-04 0:00:00,2,6.27,,Brazil
11023,BSBEV,1,1998-04-14 0:00:00,1998-04-28 0:00:00,1998-04-24 0:00:00,2,123.83,,UK
11024,EASTC,4,1998-04-15 0:00:00,1998-05-13 0:00:00,1998-04-20 0:00:00,1,74.36,90110,UK
11025,WARTH,6,1998-04-15 0:00:00,1998-05-13 0:00:00,1998-04-24 0:00:00,3,29.17,10100,Finland
11026,FRANS,4,1998-04-15 0:00:00,1998-05-13 0:00:00,1998-04-28 0:00:00,1,47.09,,Italy
11027,BOTTM,1,1998-04-16 0:00:00,1998-05-14 0:00:00,1998-04-20 0:00:00,1,52.52,14776,Canada
11028,KOENE,2,1998-04-16 0:00:00,1998-05-14 0:00:00,1998-04-22 0:00:00,1,29.59,3012,Germany
11029,CHOPS,4,1998-04-16 0:00:00,1998-05-14 0:00:00,1998-04-27 0:00:00,1,47.84,83720,Switzerland
11030,SAVEA,7,1998-04-17 0:00:00,1998-05-15 0:00:00,1998-04-27 0:00:00,2,830.75,83720,USA
11031,SAVEA,6,1998-04-17 0:00:00,1998-05-15 0:00:00,1998-04-24 0:00:00,2,227.22,98124,USA
11032,WHITC,2,1998-04-17 0:00:00,1998-05-15 0:00:00,1998-04-23 0:00:00,3,606.19,1204,USA
11033,RICSU,7,1998-04-17 0:00:00,1998-05-15 0:00:00,1998-04-23 0:00:00,3,84.74,99508,Switzerland
11034,OLDWO,8,1998-04-20 0:00:00,1998-06-01 0:00:00,1998-04-27 0:00:00,1,40.32,6000,USA
11035,SUPRD,2,1998-04-20 0:00:00,1998-05-18 0:00:00,1998-04-24 0:00:00,2,0.17,52066,Belgium
11036,DRACD,8,1998-04-20 0:00:00,1998-05-18 0:00:00,1998-04-22 0:00:00,3,149.47,41101,Germany
11037,GODOS,7,1998-04-21 0:00:00,1998-05-19 0:00:00,1998-04-27 0:00:00,1,3.2,6000,Spain
11038,SUPRD,1,1998-04-21 0:00:00,1998-05-19 0:00:00,1998-04-30 0:00:00,2,29.59,4980,Belgium
11039,LINOD,1,1998-04-21 0:00:00,1998-05-19 0:00:00,NULL,2,65,97403,Venezuela
11040,GREAL,4,1998-04-22 0:00:00,1998-05-20 0:00:00,NULL,3,18.84,3012,USA
11041,CHOPS,3,1998-04-22 0:00:00,1998-05-20 0:00:00,1998-04-28 0:00:00,2,48.22,43,Switzerland
11042,COMMI,2,1998-04-22 0:00:00,1998-05-06 0:00:00,1998-05-01 0:00:00,1,29.99,75016,Brazil
11043,SPECD,5,1998-04-22 0:00:00,1998-05-20 0:00:00,1998-04-29 0:00:00,2,8.8,12,France
11044,WOLZA,4,1998-04-23 0:00:00,1998-05-21 0:00:00,1998-05-01 0:00:00,1,8.72,,Poland
11045,BOTTM,6,1998-04-23 0:00:00,1998-05-21 0:00:00,NULL,2,70.58,70563,Canada
11046,WANDK,8,1998-04-23 0:00:00,1998-05-21 0:00:00,1998-04-24 0:00:00,2,71.64,,Germany
11047,EASTC,7,1998-04-24 0:00:00,1998-05-22 0:00:00,1998-05-01 0:00:00,3,46.62,,UK
11048,BOTTM,7,1998-04-24 0:00:00,1998-05-22 0:00:00,1998-04-30 0:00:00,3,24.12,786,Canada
11049,GOURL,3,1998-04-24 0:00:00,1998-05-22 0:00:00,1998-05-04 0:00:00,1,8.34,67,Brazil
11050,FOLKO,8,1998-04-27 0:00:00,1998-05-25 0:00:00,1998-05-05 0:00:00,2,59.41,31000,Sweden
11051,LAMAI,7,1998-04-27 0:00:00,1998-05-25 0:00:00,NULL,3,2.79,876,France
11052,HANAR,3,1998-04-27 0:00:00,1998-05-25 0:00:00,1998-05-01 0:00:00,1,67.26,5020,Brazil
11053,PICCO,2,1998-04-27 0:00:00,1998-05-25 0:00:00,1998-04-29 0:00:00,2,53.05,1010,Austria
11054,CACTU,8,1998-04-28 0:00:00,1998-05-26 0:00:00,NULL,1,0.33,5022,Argentina
11055,HILAA,7,1998-04-28 0:00:00,1998-05-26 0:00:00,1998-05-05 0:00:00,2,120.92,,Venezuela
11056,EASTC,8,1998-04-28 0:00:00,1998-05-12 0:00:00,1998-05-01 0:00:00,2,278.96,,UK
11057,NORTS,3,1998-04-29 0:00:00,1998-05-27 0:00:00,1998-05-01 0:00:00,3,4.13,68306,UK
11058,BLAUS,9,1998-04-29 0:00:00,1998-05-27 0:00:00,NULL,3,31.14,890,Germany
11059,RICAR,2,1998-04-29 0:00:00,1998-06-10 0:00:00,NULL,2,85.8,10100,Brazil
11060,FRANS,2,1998-04-30 0:00:00,1998-05-28 0:00:00,1998-05-04 0:00:00,2,10.98,97403,Italy
11061,GREAL,4,1998-04-30 0:00:00,1998-06-11 0:00:00,NULL,3,14.01,42100,USA
11062,REGGC,4,1998-04-30 0:00:00,1998-05-28 0:00:00,NULL,2,29.93,,Italy
11063,HUNGO,3,1998-04-30 0:00:00,1998-05-28 0:00:00,1998-05-06 0:00:00,2,81.73,83720,Ireland
11064,SAVEA,1,1998-05-01 0:00:00,1998-05-29 0:00:00,1998-05-04 0:00:00,1,30.09,3508,USA
11065,LILAS,8,1998-05-01 0:00:00,1998-05-29 0:00:00,NULL,1,12.91,98124,Venezuela
11066,WHITC,7,1998-05-01 0:00:00,1998-05-29 0:00:00,1998-05-04 0:00:00,2,44.72,52066,USA
11067,DRACD,1,1998-05-04 0:00:00,1998-05-18 0:00:00,1998-05-06 0:00:00,2,7.98,20,Germany
11068,QUEEN,8,1998-05-04 0:00:00,1998-06-01 0:00:00,NULL,2,81.75,5033,Brazil
11069,TORTU,1,1998-05-04 0:00:00,1998-06-01 0:00:00,1998-05-06 0:00:00,2,15.67,60528,Mexico
11070,LEHMS,2,1998-05-05 0:00:00,1998-06-02 0:00:00,NULL,1,136,3508,Germany
11071,LILAS,1,1998-05-05 0:00:00,1998-06-02 0:00:00,NULL,1,0.93,5033,Venezuela
11072,ERNSH,4,1998-05-05 0:00:00,1998-06-02 0:00:00,NULL,2,258.64,1734,Austria
11073,PERIC,2,1998-05-05 0:00:00,1998-06-02 0:00:00,NULL,2,24.95,13008,Mexico
11074,SIMOB,7,1998-05-06 0:00:00,1998-06-03 0:00:00,NULL,2,18.44,87110,Denmark
11075,RICSU,8,1998-05-06 0:00:00,1998-06-03 0:00:00,NULL,2,6.19,1204,Switzerland
11076,BONAP,4,1998-05-06 0:00:00,1998-06-03 0:00:00,NULL,2,38.28,,France
11077,RATTC,1,1998-05-06 0:00:00,1998-06-03 0:00:00,NULL,2,8.53,87110,USA